experiment_id,timestamp,hypothesis_id,family,parameters_tested,data_used,metrics_viewed,result_status,decision_notes
EXP-000,2026-08-15T23:30:00+07:00,CAND-001,Lane A Benchmark,"bb=20,mult=2.0,kelt=1.2,macro=200,er=0.20,sl=2.0,rr=3.0",GOLD H1 2001-2026,"PF=1.837, PnL=+$6451, Trades=136, Wr=32.4%",INCONCLUSIVE,Frozen benchmark for future OOS observation
EXP-100,2026-08-15T23:35:00+07:00,H-100,Econometric Event Study,"4 definitions: BB/Keltner, ATR20%, NTR20%, Range20%",GOLD H1 2001-2026,"24h Range: 1.725% (Sqz) vs 1.744% (Base), t=-0.646",PARTIALLY CONFIRMED,Compression creates quiet period; expansion occurs at breakout release
EXP-101,2026-08-15T23:40:00+07:00,H-101,Directionality & Trigger,"9 triggers: Squeeze + Breakout + Macro + ER",GOLD H1 2001-2026,"MFE/MAE: 1.474 (Bull) / 1.402 (Bear) vs 1.078 Base",CONFIRMED,Macro EMA trend alignment creates strong positive directional skew
EXP-102,2026-08-15T23:45:00+07:00,H-102,Cross-Timeframe Transfer,"H4, H1, M30, M15 on Gold with identical rules",GOLD H4/H1/M30/M15,"H4 PF=2.150, H1 PF=1.837, M30 PF=1.316, M15 PF=1.008",CONFIRMED,Qualitative scale invariance confirmed on H4/H1/M30
EXP-103,2026-08-15T23:50:00+07:00,H-103,Cross-Asset Normalized Transfer,"Zero-tuning on EURUSD, GBPUSD, USDJPY, BTCUSD",FX & BTC H1,"EURUSD PF=0.0, GBPUSD PF=0.0, JPY PF=0.369, BTC PF=0.742",REJECTED,Mechanism is strictly Gold instrument-specific
EXP-104,2026-08-15T23:55:00+07:00,H-104,Simple Baselines,"Unconditional BB Break, Pure Squeeze, Pure Macro",GOLD H1 2001-2026,"Pure BB PF=1.050, Pure Sqz PF=1.598, Pure Macro PF=1.109",CONFIRMED,Pure Squeeze provides standalone alpha (+0.489 PF over macro)
EXP-105,2026-08-16T00:00:00+07:00,H-105,Minimalist Squeeze+Macro,"bb=20,mult=2.0,kelt=1.2,macro=200,sl=2.0,rr=3.0 (No ER/MACD)",GOLD H1 2001-2026,"PF=1.752, PnL=+$6169.71, Trades=144, Wr=31.9%",HISTORICAL SURVIVOR,Simpler 2-component architecture with broad parameter plateau
EXP-106,2026-08-16T00:05:00+07:00,H-106,Parameter Plateau Analysis,"Macro EMA (100-250) x RR (2.0-3.5) 16 cells",GOLD H1 2001-2026,"All 16 cells PF > 1.26; all RR>=2.5 have PF > 1.56",CONFIRMED,Parameter space is a robust plateau with zero cliffs
EXP-107,2026-08-16T00:10:00+07:00,H-107,Temporal & Concentration Stress,"Outlier trim (top 1-5, best Q), Rolling 4Q/8Q",GOLD H1 2001-2026,"Top 3 trim PF=1.391; Best Q trim PF=1.516",CONFIRMED,Edge is positively skewed but survives removal of up to 3 extreme trades
