Trade_ID,Entry_Time,Date,Sub_Engine,Type,Entry_Price,Exit_Price,PnL_USD,Balance_USD
1,2022-07-28 15:00:00,2022-07-28,CP95_PinbarKeltnerBuy,BUY,1744.49,1755.35,16.75,1016.75
2,2022-07-28 17:00:00,2022-07-28,CP95_PinbarKeltnerBuy,BUY,1755.06,1768.11,17.17,1033.92
3,2022-07-28 17:00:00,2022-07-28,CP95_Donchian5Buy,BUY,1755.06,1767.52,16.67,1050.59
4,2022-07-28 17:00:00,2022-07-28,CP95_Donchian7Buy,BUY,1755.06,1767.64,17.1,1067.69
5,2022-07-28 17:00:00,2022-07-28,CP95_Donchian10Buy,BUY,1755.06,1767.82,17.62,1085.31
6,2022-07-28 17:00:00,2022-07-28,CP95_Donchian12Buy,BUY,1755.06,1767.99,18.16,1103.47
7,2022-07-28 17:00:00,2022-07-28,CP95_Donchian15Buy,BUY,1755.06,1768.11,18.64,1122.11
8,2022-07-28 17:00:00,2022-07-28,CP95_Donchian20Buy,BUY,1755.06,1768.71,18.08,1140.19
9,2022-07-28 17:00:00,2022-07-28,CP95_Donchian3Buy,BUY,1755.06,1767.52,18.38,1158.57
10,2022-08-10 15:00:00,2022-08-10,CP95_Donchian5Buy,BUY,1797.2,1792.87,-9.27,1149.3
11,2022-08-10 15:00:00,2022-08-10,CP95_Donchian7Buy,BUY,1797.2,1792.87,-9.19,1140.1
12,2022-08-10 15:00:00,2022-08-10,CP95_Donchian10Buy,BUY,1797.2,1792.87,-9.12,1130.98
13,2022-08-10 15:00:00,2022-08-10,CP95_Donchian12Buy,BUY,1797.2,1792.87,-9.05,1121.93
14,2022-08-10 15:00:00,2022-08-10,CP95_Donchian15Buy,BUY,1797.2,1792.87,-8.98,1112.96
15,2022-08-10 15:00:00,2022-08-10,CP95_Donchian3Buy,BUY,1797.2,1792.87,-8.9,1104.06
16,2022-10-03 19:00:00,2022-10-03,CP95_PinbarKeltnerBuy,BUY,1691.08,1705.38,18.71,1122.77
17,2022-10-03 22:00:00,2022-10-03,CP95_Donchian20Buy,BUY,1700.55,1717.06,18.2,1140.97
18,2022-11-10 22:00:00,2022-11-10,CP95_Donchian20Buy,BUY,1755.51,1747.55,-9.13,1131.84
19,2022-11-11 10:00:00,2022-11-11,CP95_PinbarKeltnerBuy,BUY,1765.23,1759.49,-9.05,1122.79
20,2022-11-11 10:00:00,2022-11-11,CP95_Donchian5Buy,BUY,1765.23,1759.49,-8.98,1113.81
21,2022-11-11 10:00:00,2022-11-11,CP95_Donchian7Buy,BUY,1765.23,1759.49,-8.91,1104.9
22,2022-11-11 10:00:00,2022-11-11,CP95_Donchian10Buy,BUY,1765.23,1759.49,-8.84,1096.06
23,2022-11-11 10:00:00,2022-11-11,CP95_Donchian12Buy,BUY,1765.23,1759.49,-8.77,1087.29
24,2022-11-11 10:00:00,2022-11-11,CP95_Donchian15Buy,BUY,1765.23,1759.49,-8.7,1078.59
25,2022-11-11 10:00:00,2022-11-11,CP95_Donchian20Buy,BUY,1765.23,1758.94,-8.63,1069.96
26,2022-11-11 10:00:00,2022-11-11,CP95_Donchian3Buy,BUY,1765.23,1759.49,-8.56,1061.4
27,2022-11-30 20:00:00,2022-11-30,CP95_Donchian3Buy,BUY,1760.31,1771.89,17.06,1078.46
28,2022-11-30 22:00:00,2022-11-30,CP95_PinbarKeltnerBuy,BUY,1769.77,1783.67,18.26,1096.72
29,2022-11-30 22:00:00,2022-11-30,CP95_Donchian5Buy,BUY,1769.77,1783.04,17.72,1114.44
30,2022-11-30 22:00:00,2022-11-30,CP95_Donchian7Buy,BUY,1769.77,1783.17,18.18,1132.62
31,2022-11-30 22:00:00,2022-11-30,CP95_Donchian10Buy,BUY,1769.77,1783.35,18.74,1151.36
32,2022-11-30 22:00:00,2022-11-30,CP95_Donchian12Buy,BUY,1769.77,1783.54,19.32,1170.68
33,2022-11-30 22:00:00,2022-11-30,CP95_Donchian15Buy,BUY,1769.77,1783.67,19.82,1190.5
34,2022-11-30 22:00:00,2022-11-30,CP95_Donchian20Buy,BUY,1769.77,1784.3,19.22,1209.72
35,2022-11-30 22:00:00,2022-11-30,CP95_Donchian3Buy,BUY,1769.77,1783.04,19.55,1229.27
36,2022-12-07 21:00:00,2022-12-07,CP95_Donchian20Buy,BUY,1789.74,1783.51,-9.83,1219.44
37,2022-12-13 21:00:00,2022-12-13,CP95_PinbarKeltnerBuy,BUY,1811.33,1803.62,-9.76,1209.68
38,2023-01-06 18:00:00,2023-01-06,CP95_PinbarKeltnerBuy,BUY,1863.33,1877.08,20.47,1230.15
39,2023-01-06 18:00:00,2023-01-06,CP95_Donchian5Buy,BUY,1863.33,1876.46,19.87,1250.02
40,2023-01-06 18:00:00,2023-01-06,CP95_Donchian7Buy,BUY,1863.33,1876.58,20.39,1270.41
41,2023-01-06 18:00:00,2023-01-06,CP95_Donchian10Buy,BUY,1863.33,1876.77,21.01,1291.42
42,2023-01-06 18:00:00,2023-01-06,CP95_Donchian12Buy,BUY,1863.33,1876.96,21.66,1313.08
43,2023-01-06 18:00:00,2023-01-06,CP95_Donchian15Buy,BUY,1863.33,1877.08,22.22,1335.3
44,2023-01-06 18:00:00,2023-01-06,CP95_Donchian20Buy,BUY,1863.33,1877.71,21.55,1356.85
45,2023-01-06 18:00:00,2023-01-06,CP95_Donchian3Buy,BUY,1863.33,1876.46,21.92,1378.77
46,2023-01-12 15:00:00,2023-01-12,CP95_PinbarKeltnerBuy,BUY,1899.44,1894.11,-11.03,1367.74
47,2023-01-12 15:00:00,2023-01-12,CP95_Donchian5Buy,BUY,1899.44,1894.11,-10.94,1356.8
48,2023-01-12 15:00:00,2023-01-12,CP95_Donchian7Buy,BUY,1899.44,1894.11,-10.85,1345.94
49,2023-01-12 15:00:00,2023-01-12,CP95_Donchian10Buy,BUY,1899.44,1894.11,-10.77,1335.18
50,2023-01-12 15:00:00,2023-01-12,CP95_Donchian12Buy,BUY,1899.44,1894.11,-10.68,1324.49
51,2023-01-12 15:00:00,2023-01-12,CP95_Donchian15Buy,BUY,1899.44,1894.11,-10.6,1313.9
52,2023-01-12 15:00:00,2023-01-12,CP95_Donchian20Buy,BUY,1899.44,1893.6,-10.51,1303.39
53,2023-01-12 15:00:00,2023-01-12,CP95_Donchian3Buy,BUY,1899.44,1894.11,-10.43,1292.96
54,2023-01-12 20:00:00,2023-01-12,CP95_PinbarKeltnerBuy,BUY,1898.81,1915.3,22.02,1314.98
55,2023-01-12 20:00:00,2023-01-12,CP95_Donchian3Buy,BUY,1898.81,1914.55,21.38,1336.36
56,2023-01-13 17:00:00,2023-01-13,CP95_PinbarKeltnerBuy,BUY,1913.52,1927.07,22.6,1358.96
57,2023-01-13 17:00:00,2023-01-13,CP95_Donchian5Buy,BUY,1913.52,1926.45,21.94,1380.9
58,2023-01-13 17:00:00,2023-01-13,CP95_Donchian7Buy,BUY,1913.52,1926.57,22.51,1403.41
59,2023-01-13 17:00:00,2023-01-13,CP95_Donchian10Buy,BUY,1913.52,1926.76,23.2,1426.61
60,2023-01-13 17:00:00,2023-01-13,CP95_Donchian12Buy,BUY,1913.52,1926.94,23.91,1450.51
61,2023-01-13 17:00:00,2023-01-13,CP95_Donchian15Buy,BUY,1913.52,1927.07,24.53,1475.05
62,2023-01-13 17:00:00,2023-01-13,CP95_Donchian20Buy,BUY,1913.52,1927.68,23.8,1498.84
63,2023-01-13 17:00:00,2023-01-13,CP95_Donchian3Buy,BUY,1913.52,1926.45,24.2,1523.04
64,2023-03-13 19:00:00,2023-03-13,CP95_PinbarKeltnerBuy,BUY,1909.68,1900.19,-12.18,1510.86
65,2023-03-13 21:00:00,2023-03-13,CP95_PinbarKeltnerBuy,BUY,1913.15,1903.32,-12.09,1498.77
66,2023-03-13 21:00:00,2023-03-13,CP95_Donchian5Buy,BUY,1913.15,1903.32,-11.99,1486.78
67,2023-03-13 21:00:00,2023-03-13,CP95_Donchian7Buy,BUY,1913.15,1903.32,-11.89,1474.89
68,2023-03-13 21:00:00,2023-03-13,CP95_Donchian10Buy,BUY,1913.15,1903.32,-11.8,1463.09
69,2023-03-13 21:00:00,2023-03-13,CP95_Donchian12Buy,BUY,1913.15,1903.32,-11.7,1451.38
70,2023-03-13 21:00:00,2023-03-13,CP95_Donchian15Buy,BUY,1913.15,1903.32,-11.61,1439.77
71,2023-03-13 21:00:00,2023-03-13,CP95_Donchian20Buy,BUY,1913.15,1902.36,-11.52,1428.25
72,2023-03-13 21:00:00,2023-03-13,CP95_Donchian3Buy,BUY,1913.15,1903.32,-11.43,1416.83
73,2023-03-20 08:00:00,2023-03-20,CP95_PinbarKeltnerBuy,BUY,1988.64,2008.67,24.27,1441.1
74,2023-04-03 18:00:00,2023-04-03,CP95_PinbarKeltnerBuy,BUY,1987.8,1981.24,-11.53,1429.57
75,2023-04-04 19:00:00,2023-04-04,CP95_PinbarKeltnerBuy,BUY,2020.6,2013.69,-11.44,1418.13
76,2023-05-03 23:00:00,2023-05-03,CP95_Donchian20Buy,BUY,2045.0,2062.29,23.03,1441.16
77,2023-07-12 17:00:00,2023-07-12,CP95_PinbarKeltnerBuy,BUY,1957.55,1952.26,-11.53,1429.63
78,2023-07-12 17:00:00,2023-07-12,CP95_Donchian5Buy,BUY,1957.55,1952.26,-11.44,1418.19
79,2023-07-12 17:00:00,2023-07-12,CP95_Donchian7Buy,BUY,1957.55,1952.26,-11.35,1406.84
80,2023-07-12 17:00:00,2023-07-12,CP95_Donchian10Buy,BUY,1957.55,1952.26,-11.25,1395.59
81,2023-07-12 17:00:00,2023-07-12,CP95_Donchian12Buy,BUY,1957.55,1952.26,-11.16,1384.42
82,2023-07-12 17:00:00,2023-07-12,CP95_Donchian15Buy,BUY,1957.55,1952.26,-11.08,1373.35
83,2023-07-12 17:00:00,2023-07-12,CP95_Donchian20Buy,BUY,1957.55,1951.76,-10.99,1362.36
84,2023-07-12 17:00:00,2023-07-12,CP95_Donchian3Buy,BUY,1957.55,1952.26,-10.9,1351.46
85,2023-07-13 05:00:00,2023-07-13,CP95_Donchian20Buy,BUY,1959.94,1954.31,-10.81,1340.65
86,2023-07-18 16:00:00,2023-07-18,CP95_PinbarKeltnerBuy,BUY,1971.12,1980.65,22.31,1362.96
87,2023-10-13 18:00:00,2023-10-13,CP95_PinbarKeltnerBuy,BUY,1922.89,1916.08,-10.9,1352.06
88,2023-10-13 18:00:00,2023-10-13,CP95_Donchian5Buy,BUY,1922.89,1916.08,-10.82,1341.24
89,2023-10-13 18:00:00,2023-10-13,CP95_Donchian7Buy,BUY,1922.89,1916.08,-10.73,1330.51
90,2023-10-13 18:00:00,2023-10-13,CP95_Donchian10Buy,BUY,1922.89,1916.08,-10.64,1319.87
91,2023-10-13 18:00:00,2023-10-13,CP95_Donchian12Buy,BUY,1922.89,1916.08,-10.56,1309.31
92,2023-10-13 18:00:00,2023-10-13,CP95_Donchian15Buy,BUY,1922.89,1916.08,-10.47,1298.83
93,2023-10-13 18:00:00,2023-10-13,CP95_Donchian20Buy,BUY,1922.89,1915.42,-10.39,1288.44
94,2023-10-13 18:00:00,2023-10-13,CP95_Donchian3Buy,BUY,1922.89,1916.08,-10.31,1278.13
95,2023-10-18 14:00:00,2023-10-18,CP95_PinbarKeltnerBuy,BUY,1946.06,1955.73,21.28,1299.42
96,2023-10-18 14:00:00,2023-10-18,CP95_Donchian5Buy,BUY,1946.06,1955.29,20.66,1320.07
97,2023-10-18 14:00:00,2023-10-18,CP95_Donchian7Buy,BUY,1946.06,1955.38,21.18,1341.26
98,2023-10-18 14:00:00,2023-10-18,CP95_Donchian10Buy,BUY,1946.06,1955.51,21.83,1363.09
99,2023-10-18 14:00:00,2023-10-18,CP95_Donchian12Buy,BUY,1946.06,1955.64,22.49,1385.58
100,2023-10-18 14:00:00,2023-10-18,CP95_Donchian15Buy,BUY,1946.06,1955.73,23.07,1408.65
101,2023-10-18 14:00:00,2023-10-18,CP95_Donchian20Buy,BUY,1946.06,1956.17,22.4,1431.06
102,2023-10-18 14:00:00,2023-10-18,CP95_Donchian3Buy,BUY,1946.06,1955.29,22.75,1453.8
103,2023-10-19 21:00:00,2023-10-19,CP95_PinbarKeltnerBuy,BUY,1972.97,1985.63,24.52,1478.33
104,2023-10-19 21:00:00,2023-10-19,CP95_Donchian5Buy,BUY,1972.97,1985.05,23.8,1502.13
105,2023-10-19 21:00:00,2023-10-19,CP95_Donchian7Buy,BUY,1972.97,1985.17,24.42,1526.54
106,2023-10-19 21:00:00,2023-10-19,CP95_Donchian10Buy,BUY,1972.97,1985.34,25.16,1551.71
107,2023-10-19 21:00:00,2023-10-19,CP95_Donchian12Buy,BUY,1972.97,1985.51,25.93,1577.64
108,2023-10-19 21:00:00,2023-10-19,CP95_Donchian15Buy,BUY,1972.97,1985.63,26.61,1604.25
109,2023-10-19 21:00:00,2023-10-19,CP95_Donchian20Buy,BUY,1972.97,1986.2,25.82,1630.07
110,2023-10-19 21:00:00,2023-10-19,CP95_Donchian3Buy,BUY,1972.97,1985.05,26.24,1656.31
111,2023-11-21 04:00:00,2023-11-21,CP95_Donchian20Buy,BUY,1990.6,1985.45,-13.25,1643.06
112,2023-11-28 19:00:00,2023-11-28,CP95_PinbarKeltnerBuy,BUY,2040.56,2050.43,27.39,1670.45
113,2023-11-28 19:00:00,2023-11-28,CP95_Donchian5Buy,BUY,2040.56,2049.98,26.58,1697.04
114,2023-11-28 19:00:00,2023-11-28,CP95_Donchian7Buy,BUY,2040.56,2050.07,27.26,1724.3
115,2023-11-28 19:00:00,2023-11-28,CP95_Donchian10Buy,BUY,2040.56,2050.21,28.09,1752.39
116,2023-11-28 19:00:00,2023-11-28,CP95_Donchian12Buy,BUY,2040.56,2050.34,28.95,1781.34
117,2023-11-28 19:00:00,2023-11-28,CP95_Donchian15Buy,BUY,2040.56,2050.43,29.7,1811.04
118,2023-11-28 19:00:00,2023-11-28,CP95_Donchian20Buy,BUY,2040.56,2050.88,28.83,1839.87
119,2023-11-28 19:00:00,2023-11-28,CP95_Donchian3Buy,BUY,2040.56,2049.98,29.28,1869.15
120,2023-12-22 16:00:00,2023-12-22,CP95_PinbarKeltnerBuy,BUY,2068.3,2063.55,-14.95,1854.2
121,2023-12-27 18:00:00,2023-12-27,CP95_PinbarKeltnerBuy,BUY,2081.54,2076.97,-14.83,1839.36
122,2023-12-28 04:00:00,2023-12-28,CP95_PinbarKeltnerBuy,BUY,2087.82,2082.73,-14.71,1824.65
123,2023-12-28 04:00:00,2023-12-28,CP95_Donchian5Buy,BUY,2087.82,2082.73,-14.6,1810.05
124,2023-12-28 04:00:00,2023-12-28,CP95_Donchian7Buy,BUY,2087.82,2082.73,-14.48,1795.57
125,2023-12-28 04:00:00,2023-12-28,CP95_Donchian10Buy,BUY,2087.82,2082.73,-14.36,1781.2
126,2023-12-28 04:00:00,2023-12-28,CP95_Donchian12Buy,BUY,2087.82,2082.73,-14.25,1766.95
127,2023-12-28 04:00:00,2023-12-28,CP95_Donchian15Buy,BUY,2087.82,2082.73,-14.14,1752.82
128,2023-12-28 04:00:00,2023-12-28,CP95_Donchian20Buy,BUY,2087.82,2082.24,-14.02,1738.8
129,2023-12-28 04:00:00,2023-12-28,CP95_Donchian3Buy,BUY,2087.82,2082.73,-13.91,1724.89
130,2024-02-29 16:00:00,2024-02-29,CP95_PinbarKeltnerBuy,BUY,2047.64,2043.8,-13.8,1711.09
131,2024-02-29 17:00:00,2024-02-29,CP95_PinbarKeltnerBuy,BUY,2048.03,2044.06,-13.69,1697.4
132,2024-03-01 13:00:00,2024-03-01,CP95_PinbarKeltnerBuy,BUY,2055.26,2051.63,-13.58,1683.82
133,2024-03-01 13:00:00,2024-03-01,CP95_Donchian5Buy,BUY,2055.26,2051.63,-13.47,1670.35
134,2024-03-01 13:00:00,2024-03-01,CP95_Donchian7Buy,BUY,2055.26,2051.63,-13.36,1656.99
135,2024-03-01 13:00:00,2024-03-01,CP95_Donchian10Buy,BUY,2055.26,2051.63,-13.26,1643.73
136,2024-03-01 13:00:00,2024-03-01,CP95_Donchian12Buy,BUY,2055.26,2051.63,-13.15,1630.58
137,2024-03-01 13:00:00,2024-03-01,CP95_Donchian15Buy,BUY,2055.26,2051.63,-13.04,1617.54
138,2024-03-01 13:00:00,2024-03-01,CP95_Donchian20Buy,BUY,2055.26,2051.29,-12.94,1604.6
139,2024-03-01 13:00:00,2024-03-01,CP95_Donchian3Buy,BUY,2055.26,2051.63,-12.84,1591.76
140,2024-03-01 20:00:00,2024-03-01,CP95_PinbarKeltnerBuy,BUY,2085.56,2102.25,27.12,1618.88
141,2024-03-08 18:00:00,2024-03-08,CP95_PinbarKeltnerBuy,BUY,2180.55,2173.1,-12.95,1605.93
142,2024-03-20 21:00:00,2024-03-20,CP95_PinbarKeltnerBuy,BUY,2182.78,2196.51,27.18,1633.1
143,2024-03-27 16:00:00,2024-03-27,CP95_PinbarKeltnerBuy,BUY,2193.36,2207.32,27.65,1660.76
144,2024-03-28 17:00:00,2024-03-28,CP95_PinbarKeltnerBuy,BUY,2215.8,2232.19,28.28,1689.04
145,2024-03-28 19:00:00,2024-03-28,CP95_PinbarKeltnerBuy,BUY,2221.81,2239.63,28.84,1717.87
146,2024-04-05 19:00:00,2024-04-05,CP95_PinbarKeltnerBuy,BUY,2327.16,2317.09,-13.74,1704.13
147,2024-07-03 18:00:00,2024-07-03,CP95_PinbarKeltnerBuy,BUY,2362.95,2356.48,-13.63,1690.5
148,2024-07-05 15:00:00,2024-07-05,CP95_PinbarKeltnerBuy,BUY,2371.98,2382.88,28.32,1718.82
149,2024-07-05 15:00:00,2024-07-05,CP95_Donchian5Buy,BUY,2371.98,2382.39,27.49,1746.31
150,2024-07-05 15:00:00,2024-07-05,CP95_Donchian7Buy,BUY,2371.98,2382.49,28.2,1774.51
151,2024-07-05 15:00:00,2024-07-05,CP95_Donchian10Buy,BUY,2371.98,2382.64,29.06,1803.56
152,2024-07-05 15:00:00,2024-07-05,CP95_Donchian12Buy,BUY,2371.98,2382.79,29.94,1833.51
153,2024-07-05 15:00:00,2024-07-05,CP95_Donchian15Buy,BUY,2371.98,2382.88,30.72,1864.23
154,2024-07-05 15:00:00,2024-07-05,CP95_Donchian20Buy,BUY,2371.98,2383.38,29.82,1894.04
155,2024-07-05 15:00:00,2024-07-05,CP95_Donchian3Buy,BUY,2371.98,2382.39,30.29,1924.34
156,2024-07-11 16:00:00,2024-07-11,CP95_PinbarKeltnerBuy,BUY,2406.54,2420.88,32.62,1956.95
157,2024-07-17 11:00:00,2024-07-17,CP95_Donchian5Buy,BUY,2474.84,2467.75,-15.66,1941.3
158,2024-07-17 11:00:00,2024-07-17,CP95_Donchian3Buy,BUY,2474.84,2467.75,-15.53,1925.77
159,2024-08-16 16:00:00,2024-08-16,CP95_PinbarKeltnerBuy,BUY,2494.31,2487.12,-15.41,1910.36
160,2024-08-16 16:00:00,2024-08-16,CP95_Donchian5Buy,BUY,2494.31,2487.12,-15.28,1895.08
161,2024-08-16 16:00:00,2024-08-16,CP95_Donchian7Buy,BUY,2494.31,2487.12,-15.16,1879.92
162,2024-08-16 16:00:00,2024-08-16,CP95_Donchian10Buy,BUY,2494.31,2487.12,-15.04,1864.88
163,2024-08-16 16:00:00,2024-08-16,CP95_Donchian12Buy,BUY,2494.31,2487.12,-14.92,1849.96
164,2024-08-16 16:00:00,2024-08-16,CP95_Donchian15Buy,BUY,2494.31,2487.12,-14.8,1835.16
165,2024-08-16 16:00:00,2024-08-16,CP95_Donchian20Buy,BUY,2494.31,2486.43,-14.68,1820.48
166,2024-08-16 16:00:00,2024-08-16,CP95_Donchian3Buy,BUY,2494.31,2487.12,-14.56,1805.92
167,2024-08-23 19:00:00,2024-08-23,CP95_PinbarKeltnerBuy,BUY,2510.19,2524.44,30.6,1836.52
168,2024-08-29 18:00:00,2024-08-29,CP95_Donchian3Buy,BUY,2522.48,2515.84,-14.69,1821.83
169,2024-09-12 21:00:00,2024-09-12,CP95_Donchian20Buy,BUY,2555.81,2575.49,29.69,1851.51
170,2024-09-13 04:00:00,2024-09-13,CP95_PinbarKeltnerBuy,BUY,2563.09,2581.88,31.66,1883.17
171,2024-09-13 04:00:00,2024-09-13,CP95_Donchian5Buy,BUY,2563.09,2581.03,30.74,1913.91
172,2024-09-13 04:00:00,2024-09-13,CP95_Donchian7Buy,BUY,2563.09,2581.2,31.54,1945.45
173,2024-09-13 04:00:00,2024-09-13,CP95_Donchian10Buy,BUY,2563.09,2581.46,32.51,1977.96
174,2024-09-13 04:00:00,2024-09-13,CP95_Donchian12Buy,BUY,2563.09,2581.71,33.51,2011.47
175,2024-09-13 04:00:00,2024-09-13,CP95_Donchian15Buy,BUY,2563.09,2581.88,34.4,2045.87
176,2024-09-13 04:00:00,2024-09-13,CP95_Donchian20Buy,BUY,2563.09,2582.74,33.33,2079.2
177,2024-09-13 04:00:00,2024-09-13,CP95_Donchian3Buy,BUY,2563.09,2581.03,33.94,2113.14
178,2024-09-13 19:00:00,2024-09-13,CP95_PinbarKeltnerBuy,BUY,2584.18,2577.74,-16.91,2096.23
179,2024-09-13 19:00:00,2024-09-13,CP95_Donchian5Buy,BUY,2584.18,2577.74,-16.77,2079.46
180,2024-09-13 19:00:00,2024-09-13,CP95_Donchian7Buy,BUY,2584.18,2577.74,-16.64,2062.83
181,2024-09-13 19:00:00,2024-09-13,CP95_Donchian10Buy,BUY,2584.18,2577.74,-16.5,2046.33
182,2024-09-13 19:00:00,2024-09-13,CP95_Donchian12Buy,BUY,2584.18,2577.74,-16.37,2029.95
183,2024-09-13 19:00:00,2024-09-13,CP95_Donchian15Buy,BUY,2584.18,2577.74,-16.24,2013.71
184,2024-09-13 19:00:00,2024-09-13,CP95_Donchian20Buy,BUY,2584.18,2577.13,-16.11,1997.61
185,2024-09-13 19:00:00,2024-09-13,CP95_Donchian3Buy,BUY,2584.18,2577.74,-15.98,1981.62
186,2024-10-16 05:00:00,2024-10-16,CP95_Donchian5Buy,BUY,2667.92,2680.63,31.97,2013.6
187,2024-10-16 05:00:00,2024-10-16,CP95_Donchian7Buy,BUY,2667.92,2680.75,32.8,2046.39
188,2024-10-16 05:00:00,2024-10-16,CP95_Donchian3Buy,BUY,2667.92,2680.63,33.02,2079.41
189,2024-10-22 20:00:00,2024-10-22,CP95_PinbarKeltnerBuy,BUY,2746.65,2739.47,-16.64,2062.77
190,2024-10-22 20:00:00,2024-10-22,CP95_Donchian5Buy,BUY,2746.65,2739.47,-16.5,2046.27
191,2024-10-22 20:00:00,2024-10-22,CP95_Donchian7Buy,BUY,2746.65,2739.47,-16.37,2029.9
192,2024-10-22 20:00:00,2024-10-22,CP95_Donchian10Buy,BUY,2746.65,2739.47,-16.24,2013.66
193,2024-10-22 20:00:00,2024-10-22,CP95_Donchian12Buy,BUY,2746.65,2739.47,-16.11,1997.55
194,2024-10-22 20:00:00,2024-10-22,CP95_Donchian15Buy,BUY,2746.65,2739.47,-15.98,1981.57
195,2024-10-22 20:00:00,2024-10-22,CP95_Donchian20Buy,BUY,2746.65,2738.78,-15.85,1965.72
196,2024-10-22 20:00:00,2024-10-22,CP95_Donchian3Buy,BUY,2746.65,2739.47,-15.73,1949.99
197,2024-10-22 23:00:00,2024-10-22,CP95_Donchian20Buy,BUY,2748.47,2741.23,-15.6,1934.39
198,2024-10-29 19:00:00,2024-10-29,CP95_PinbarKeltnerBuy,BUY,2769.68,2786.21,32.95,1967.34
199,2024-11-22 05:00:00,2024-11-22,CP95_PinbarKeltnerBuy,BUY,2686.06,2700.37,33.34,2000.68
200,2024-11-22 18:00:00,2024-11-22,CP95_Donchian3Buy,BUY,2705.06,2695.55,-16.01,1984.68
201,2024-11-25 01:00:00,2024-11-25,CP95_Donchian20Buy,BUY,2719.51,2708.12,-15.88,1968.8
202,2024-12-11 16:00:00,2024-12-11,CP95_Donchian5Buy,BUY,2706.27,2725.54,32.2,2001.0
203,2024-12-11 16:00:00,2024-12-11,CP95_Donchian7Buy,BUY,2706.27,2725.73,33.04,2034.04
204,2024-12-11 16:00:00,2024-12-11,CP95_Donchian10Buy,BUY,2706.27,2696.84,-16.27,2017.77
205,2024-12-11 16:00:00,2024-12-11,CP95_Donchian12Buy,BUY,2706.27,2696.84,-16.14,2001.62
206,2024-12-11 16:00:00,2024-12-11,CP95_Donchian15Buy,BUY,2706.27,2696.84,-16.01,1985.61
207,2024-12-11 16:00:00,2024-12-11,CP95_Donchian3Buy,BUY,2706.27,2725.54,32.47,2018.08
208,2025-01-10 18:00:00,2025-01-10,CP95_PinbarKeltnerBuy,BUY,2696.3,2688.89,-16.14,2001.94
209,2025-01-15 20:00:00,2025-01-15,CP95_PinbarKeltnerBuy,BUY,2693.93,2708.35,33.94,2035.88
210,2025-01-15 20:00:00,2025-01-15,CP95_Donchian3Buy,BUY,2693.93,2707.7,32.95,2068.83
211,2025-01-15 23:00:00,2025-01-15,CP95_Donchian20Buy,BUY,2695.15,2709.63,33.4,2102.23
212,2025-01-21 17:00:00,2025-01-21,CP95_PinbarKeltnerBuy,BUY,2738.67,2753.72,35.69,2137.92
213,2025-01-21 17:00:00,2025-01-21,CP95_Donchian5Buy,BUY,2738.67,2753.04,34.65,2172.57
214,2025-01-21 17:00:00,2025-01-21,CP95_Donchian7Buy,BUY,2738.67,2753.17,35.55,2208.12
215,2025-01-21 17:00:00,2025-01-21,CP95_Donchian10Buy,BUY,2738.67,2753.38,36.64,2244.76
216,2025-01-21 17:00:00,2025-01-21,CP95_Donchian12Buy,BUY,2738.67,2753.58,37.77,2282.53
217,2025-01-21 17:00:00,2025-01-21,CP95_Donchian15Buy,BUY,2738.67,2753.72,38.76,2321.28
218,2025-01-21 17:00:00,2025-01-21,CP95_Donchian20Buy,BUY,2738.67,2754.41,37.58,2358.86
219,2025-01-21 17:00:00,2025-01-21,CP95_Donchian3Buy,BUY,2738.67,2753.04,38.23,2397.1
220,2025-01-30 16:00:00,2025-01-30,CP95_PinbarKeltnerBuy,BUY,2787.65,2798.38,40.13,2437.23
221,2025-01-30 16:00:00,2025-01-30,CP95_Donchian5Buy,BUY,2787.65,2797.89,38.95,2476.18
222,2025-01-30 16:00:00,2025-01-30,CP95_Donchian7Buy,BUY,2787.65,2797.99,39.95,2516.12
223,2025-01-30 16:00:00,2025-01-30,CP95_Donchian10Buy,BUY,2787.65,2798.13,41.17,2557.29
224,2025-01-30 16:00:00,2025-01-30,CP95_Donchian12Buy,BUY,2787.65,2798.28,42.42,2599.72
225,2025-01-30 16:00:00,2025-01-30,CP95_Donchian15Buy,BUY,2787.65,2798.38,43.52,2643.24
226,2025-01-30 16:00:00,2025-01-30,CP95_Donchian20Buy,BUY,2787.65,2798.87,42.25,2685.48
227,2025-01-30 16:00:00,2025-01-30,CP95_Donchian3Buy,BUY,2787.65,2797.89,42.92,2728.4
228,2025-02-03 15:00:00,2025-02-03,CP95_PinbarKeltnerBuy,BUY,2810.88,2827.62,46.49,2774.89
229,2025-02-03 15:00:00,2025-02-03,CP95_Donchian5Buy,BUY,2810.88,2826.86,45.14,2820.03
230,2025-02-03 15:00:00,2025-02-03,CP95_Donchian7Buy,BUY,2810.88,2827.01,46.31,2866.34
231,2025-02-03 15:00:00,2025-02-03,CP95_Donchian10Buy,BUY,2810.88,2827.24,47.73,2914.07
232,2025-02-03 15:00:00,2025-02-03,CP95_Donchian12Buy,BUY,2810.88,2827.47,49.21,2963.27
233,2025-02-03 15:00:00,2025-02-03,CP95_Donchian15Buy,BUY,2810.88,2827.62,50.49,3013.77
234,2025-02-03 15:00:00,2025-02-03,CP95_Donchian3Buy,BUY,2810.88,2826.86,49.02,3062.79
235,2025-02-06 03:00:00,2025-02-06,CP95_Donchian5Buy,BUY,2871.48,2863.06,-24.5,3038.29
236,2025-02-06 03:00:00,2025-02-06,CP95_Donchian3Buy,BUY,2871.48,2863.06,-24.31,3013.98
237,2025-02-21 20:00:00,2025-02-21,CP95_Donchian5Buy,BUY,2941.78,2933.49,-24.11,2989.87
238,2025-02-21 20:00:00,2025-02-21,CP95_Donchian7Buy,BUY,2941.78,2933.49,-23.92,2965.95
239,2025-02-21 20:00:00,2025-02-21,CP95_Donchian10Buy,BUY,2941.78,2933.49,-23.73,2942.22
240,2025-02-21 20:00:00,2025-02-21,CP95_Donchian12Buy,BUY,2941.78,2933.49,-23.54,2918.68
241,2025-02-21 20:00:00,2025-02-21,CP95_Donchian15Buy,BUY,2941.78,2933.49,-23.35,2895.34
242,2025-02-21 20:00:00,2025-02-21,CP95_Donchian3Buy,BUY,2941.78,2933.49,-23.16,2872.17
243,2025-02-24 05:00:00,2025-02-24,CP95_Donchian5Buy,BUY,2940.92,2932.02,-22.98,2849.2
244,2025-02-24 05:00:00,2025-02-24,CP95_Donchian3Buy,BUY,2940.92,2932.02,-22.79,2826.4
245,2025-03-14 03:00:00,2025-03-14,CP95_PinbarKeltnerBuy,BUY,2987.81,2979.32,-22.61,2803.79
246,2025-03-27 13:00:00,2025-03-27,CP95_PinbarKeltnerBuy,BUY,3054.5,3047.71,-22.43,2781.36
247,2025-03-28 15:00:00,2025-03-28,CP95_Donchian5Buy,BUY,3083.08,3074.15,-22.25,2759.11
248,2025-03-28 15:00:00,2025-03-28,CP95_Donchian3Buy,BUY,3083.08,3074.15,-22.07,2737.04
249,2025-03-31 08:00:00,2025-03-31,CP95_Donchian20Buy,BUY,3116.51,3105.44,-21.9,2715.14
250,2025-03-31 09:00:00,2025-03-31,CP95_PinbarKeltnerBuy,BUY,3119.26,3109.46,-21.72,2693.42
251,2025-04-16 09:00:00,2025-04-16,CP95_PinbarKeltnerBuy,BUY,3291.74,3315.62,46.34,2739.76
252,2025-04-16 11:00:00,2025-04-16,CP95_PinbarKeltnerBuy,BUY,3306.9,3294.06,-21.92,2717.84
253,2025-04-16 11:00:00,2025-04-16,CP95_Donchian5Buy,BUY,3306.9,3294.06,-21.74,2696.1
254,2025-04-16 11:00:00,2025-04-16,CP95_Donchian7Buy,BUY,3306.9,3294.06,-21.57,2674.53
255,2025-04-16 11:00:00,2025-04-16,CP95_Donchian10Buy,BUY,3306.9,3294.06,-21.4,2653.13
256,2025-04-16 11:00:00,2025-04-16,CP95_Donchian12Buy,BUY,3306.9,3294.06,-21.23,2631.91
257,2025-04-16 11:00:00,2025-04-16,CP95_Donchian15Buy,BUY,3306.9,3294.06,-21.06,2610.85
258,2025-04-16 11:00:00,2025-04-16,CP95_Donchian20Buy,BUY,3306.9,3335.87,42.9,2653.75
259,2025-04-16 11:00:00,2025-04-16,CP95_Donchian3Buy,BUY,3306.9,3294.06,-21.23,2632.52
260,2025-04-16 14:00:00,2025-04-16,CP95_PinbarKeltnerBuy,BUY,3306.65,3337.74,45.53,2678.05
261,2025-04-16 15:00:00,2025-04-16,CP95_PinbarKeltnerBuy,BUY,3307.23,3338.05,46.31,2724.35
262,2025-04-16 16:00:00,2025-04-16,CP95_PinbarKeltnerBuy,BUY,3311.56,3343.36,47.13,2771.49
263,2025-04-16 19:00:00,2025-04-16,CP95_PinbarKeltnerBuy,BUY,3327.22,3312.24,-22.17,2749.31
264,2025-04-16 20:00:00,2025-04-16,CP95_PinbarKeltnerBuy,BUY,3328.06,3313.59,-21.99,2727.32
265,2025-05-06 16:00:00,2025-05-06,CP95_PinbarKeltnerBuy,BUY,3391.6,3428.63,47.3,2774.62
266,2025-05-23 18:00:00,2025-05-23,CP95_PinbarKeltnerBuy,BUY,3361.78,3347.82,-22.2,2752.42
267,2025-06-12 09:00:00,2025-06-12,CP95_PinbarKeltnerBuy,BUY,3374.9,3364.07,-22.02,2730.4
268,2025-06-12 16:00:00,2025-06-12,CP95_PinbarKeltnerBuy,BUY,3391.9,3422.74,47.21,2777.61
269,2025-06-12 16:00:00,2025-06-12,CP95_Donchian5Buy,BUY,3391.9,3421.34,45.85,2823.46
270,2025-06-12 16:00:00,2025-06-12,CP95_Donchian7Buy,BUY,3391.9,3421.62,47.05,2870.51
271,2025-06-12 16:00:00,2025-06-12,CP95_Donchian10Buy,BUY,3391.9,3422.04,48.51,2919.02
272,2025-06-12 16:00:00,2025-06-12,CP95_Donchian12Buy,BUY,3391.9,3422.46,50.02,2969.03
273,2025-06-12 16:00:00,2025-06-12,CP95_Donchian15Buy,BUY,3391.9,3422.74,51.34,3020.37
274,2025-06-12 16:00:00,2025-06-12,CP95_Donchian20Buy,BUY,3391.9,3424.14,49.72,3070.09
275,2025-06-12 16:00:00,2025-06-12,CP95_Donchian3Buy,BUY,3391.9,3421.34,50.67,3120.76
276,2025-07-21 16:00:00,2025-07-21,CP95_PinbarKeltnerBuy,BUY,3388.46,3405.03,53.16,3173.92
277,2025-07-22 18:00:00,2025-07-22,CP95_PinbarKeltnerBuy,BUY,3426.4,3418.36,-25.39,3148.53
278,2025-08-28 22:00:00,2025-08-28,CP95_PinbarKeltnerBuy,BUY,3421.87,3414.31,-25.19,3123.34
279,2025-08-28 22:00:00,2025-08-28,CP95_Donchian5Buy,BUY,3421.87,3414.31,-24.99,3098.35
280,2025-08-28 22:00:00,2025-08-28,CP95_Donchian7Buy,BUY,3421.87,3414.31,-24.79,3073.57
281,2025-08-28 22:00:00,2025-08-28,CP95_Donchian10Buy,BUY,3421.87,3414.31,-24.59,3048.98
282,2025-08-28 22:00:00,2025-08-28,CP95_Donchian12Buy,BUY,3421.87,3414.31,-24.39,3024.59
283,2025-08-28 22:00:00,2025-08-28,CP95_Donchian15Buy,BUY,3421.87,3414.31,-24.2,3000.39
284,2025-08-28 22:00:00,2025-08-28,CP95_Donchian20Buy,BUY,3421.87,3413.58,-24.0,2976.39
285,2025-08-28 22:00:00,2025-08-28,CP95_Donchian3Buy,BUY,3421.87,3414.31,-23.81,2952.58
286,2025-08-29 19:00:00,2025-08-29,CP95_PinbarKeltnerBuy,BUY,3448.95,3441.76,-23.62,2928.96
287,2025-08-29 19:00:00,2025-08-29,CP95_Donchian5Buy,BUY,3448.95,3441.76,-23.43,2905.52
288,2025-08-29 19:00:00,2025-08-29,CP95_Donchian7Buy,BUY,3448.95,3441.76,-23.24,2882.28
289,2025-08-29 19:00:00,2025-08-29,CP95_Donchian10Buy,BUY,3448.95,3441.76,-23.06,2859.22
290,2025-08-29 19:00:00,2025-08-29,CP95_Donchian12Buy,BUY,3448.95,3441.76,-22.87,2836.35
291,2025-08-29 19:00:00,2025-08-29,CP95_Donchian15Buy,BUY,3448.95,3441.76,-22.69,2813.66
292,2025-08-29 19:00:00,2025-08-29,CP95_Donchian20Buy,BUY,3448.95,3441.06,-22.51,2791.15
293,2025-08-29 19:00:00,2025-08-29,CP95_Donchian3Buy,BUY,3448.95,3441.76,-22.33,2768.82
294,2025-09-02 14:00:00,2025-09-02,CP95_Donchian3Buy,BUY,3489.59,3479.08,-22.15,2746.67
295,2025-09-02 20:00:00,2025-09-02,CP95_PinbarKeltnerBuy,BUY,3529.23,3555.6,47.35,2794.02
296,2025-09-02 20:00:00,2025-09-02,CP95_Donchian5Buy,BUY,3529.23,3554.41,45.98,2840.0
297,2025-09-02 20:00:00,2025-09-02,CP95_Donchian7Buy,BUY,3529.23,3554.65,47.18,2887.19
298,2025-09-02 20:00:00,2025-09-02,CP95_Donchian10Buy,BUY,3529.23,3555.01,48.65,2935.83
299,2025-09-02 20:00:00,2025-09-02,CP95_Donchian12Buy,BUY,3529.23,3555.37,50.15,2985.99
300,2025-09-02 20:00:00,2025-09-02,CP95_Donchian15Buy,BUY,3529.23,3555.6,51.48,3037.47
301,2025-09-02 20:00:00,2025-09-02,CP95_Donchian20Buy,BUY,3529.23,3556.8,49.86,3087.33
302,2025-09-02 20:00:00,2025-09-02,CP95_Donchian3Buy,BUY,3529.23,3554.41,50.81,3138.14
303,2025-09-03 04:00:00,2025-09-03,CP95_PinbarKeltnerBuy,BUY,3538.64,3564.98,54.1,3192.24
304,2025-09-05 20:00:00,2025-09-05,CP95_PinbarKeltnerBuy,BUY,3596.36,3584.42,-25.54,3166.7
305,2025-09-22 17:00:00,2025-09-22,CP95_PinbarKeltnerBuy,BUY,3725.71,3748.05,54.39,3221.09
306,2025-09-22 19:00:00,2025-09-22,CP95_PinbarKeltnerBuy,BUY,3736.96,3759.18,55.32,3276.42
307,2025-09-22 19:00:00,2025-09-22,CP95_Donchian5Buy,BUY,3736.96,3758.17,53.71,3330.13
308,2025-09-22 19:00:00,2025-09-22,CP95_Donchian7Buy,BUY,3736.96,3758.37,55.11,3385.25
309,2025-09-22 19:00:00,2025-09-22,CP95_Donchian10Buy,BUY,3736.96,3758.67,56.82,3442.06
310,2025-09-22 19:00:00,2025-09-22,CP95_Donchian12Buy,BUY,3736.96,3758.98,58.58,3500.64
311,2025-09-22 19:00:00,2025-09-22,CP95_Donchian15Buy,BUY,3736.96,3759.18,60.12,3560.77
312,2025-09-22 19:00:00,2025-09-22,CP95_Donchian20Buy,BUY,3736.96,3760.19,58.25,3619.02
313,2025-09-22 19:00:00,2025-09-22,CP95_Donchian3Buy,BUY,3736.96,3758.17,59.33,3678.35
314,2025-09-22 21:00:00,2025-09-22,CP95_Donchian20Buy,BUY,3747.5,3770.1,60.14,3738.49
315,2025-09-23 15:00:00,2025-09-23,CP95_PinbarKeltnerBuy,BUY,3784.18,3772.98,-29.91,3708.58
316,2025-09-29 18:00:00,2025-09-29,CP95_PinbarKeltnerBuy,BUY,3830.27,3861.42,64.14,3772.72
317,2025-10-06 11:00:00,2025-10-06,CP95_PinbarKeltnerBuy,BUY,3942.45,3929.35,-30.18,3742.54
318,2025-10-06 18:00:00,2025-10-06,CP95_PinbarKeltnerBuy,BUY,3962.39,3948.38,-29.94,3712.6
319,2025-10-06 18:00:00,2025-10-06,CP95_Donchian5Buy,BUY,3962.39,3948.38,-29.7,3682.89
320,2025-10-06 18:00:00,2025-10-06,CP95_Donchian7Buy,BUY,3962.39,3948.38,-29.46,3653.43
321,2025-10-06 18:00:00,2025-10-06,CP95_Donchian10Buy,BUY,3962.39,3948.38,-29.23,3624.2
322,2025-10-06 18:00:00,2025-10-06,CP95_Donchian12Buy,BUY,3962.39,3948.38,-28.99,3595.21
323,2025-10-06 18:00:00,2025-10-06,CP95_Donchian15Buy,BUY,3962.39,3948.38,-28.76,3566.45
324,2025-10-06 18:00:00,2025-10-06,CP95_Donchian20Buy,BUY,3962.39,3947.0,-28.53,3537.92
325,2025-10-06 18:00:00,2025-10-06,CP95_Donchian3Buy,BUY,3962.39,3948.38,-28.3,3509.61
326,2025-10-13 04:00:00,2025-10-13,CP95_PinbarKeltnerBuy,BUY,4052.75,4106.22,61.14,3570.75
327,2025-11-12 19:00:00,2025-11-12,CP95_PinbarKeltnerBuy,BUY,4199.21,4182.91,-28.57,3542.19
328,2025-11-12 19:00:00,2025-11-12,CP95_Donchian5Buy,BUY,4199.21,4182.91,-28.34,3513.85
329,2025-11-12 19:00:00,2025-11-12,CP95_Donchian7Buy,BUY,4199.21,4182.91,-28.11,3485.74
330,2025-11-12 19:00:00,2025-11-12,CP95_Donchian10Buy,BUY,4199.21,4182.91,-27.89,3457.85
331,2025-11-12 19:00:00,2025-11-12,CP95_Donchian12Buy,BUY,4199.21,4182.91,-27.66,3430.19
332,2025-11-12 19:00:00,2025-11-12,CP95_Donchian15Buy,BUY,4199.21,4182.91,-27.44,3402.75
333,2025-11-12 19:00:00,2025-11-12,CP95_Donchian20Buy,BUY,4199.21,4181.3,-27.22,3375.53
334,2025-11-12 19:00:00,2025-11-12,CP95_Donchian3Buy,BUY,4199.21,4182.91,-27.0,3348.52
335,2025-11-12 20:00:00,2025-11-12,CP95_PinbarKeltnerBuy,BUY,4206.77,4189.62,-26.79,3321.74
336,2025-11-12 20:00:00,2025-11-12,CP95_Donchian5Buy,BUY,4206.77,4189.62,-26.57,3295.16
337,2025-11-12 20:00:00,2025-11-12,CP95_Donchian7Buy,BUY,4206.77,4189.62,-26.36,3268.8
338,2025-11-12 20:00:00,2025-11-12,CP95_Donchian10Buy,BUY,4206.77,4189.62,-26.15,3242.65
339,2025-11-12 20:00:00,2025-11-12,CP95_Donchian12Buy,BUY,4206.77,4189.62,-25.94,3216.71
340,2025-11-12 20:00:00,2025-11-12,CP95_Donchian15Buy,BUY,4206.77,4189.62,-25.73,3190.97
341,2025-11-12 20:00:00,2025-11-12,CP95_Donchian20Buy,BUY,4206.77,4187.92,-25.53,3165.45
342,2025-11-12 20:00:00,2025-11-12,CP95_Donchian3Buy,BUY,4206.77,4189.62,-25.32,3140.12
343,2025-11-26 03:00:00,2025-11-26,CP95_Donchian5Buy,BUY,4148.25,4182.06,51.95,3192.07
344,2025-11-26 03:00:00,2025-11-26,CP95_Donchian3Buy,BUY,4148.25,4182.06,52.81,3244.88
345,2025-11-28 17:00:00,2025-11-28,CP95_PinbarKeltnerBuy,BUY,4203.67,4235.07,56.13,3301.0
346,2025-11-28 18:00:00,2025-11-28,CP95_PinbarKeltnerBuy,BUY,4206.25,4238.76,57.13,3358.14
347,2025-12-11 03:00:00,2025-12-11,CP95_PinbarKeltnerBuy,BUY,4238.19,4223.98,-26.87,3331.27
348,2025-12-22 04:00:00,2025-12-22,CP95_Donchian20Buy,BUY,4385.86,4413.69,54.7,3385.97
349,2025-12-23 04:00:00,2025-12-23,CP95_PinbarKeltnerBuy,BUY,4493.23,4479.47,-27.09,3358.88
350,2025-12-23 04:00:00,2025-12-23,CP95_Donchian5Buy,BUY,4493.23,4479.47,-26.87,3332.01
351,2025-12-23 04:00:00,2025-12-23,CP95_Donchian7Buy,BUY,4493.23,4479.47,-26.66,3305.35
352,2025-12-23 04:00:00,2025-12-23,CP95_Donchian10Buy,BUY,4493.23,4479.47,-26.44,3278.91
353,2025-12-23 04:00:00,2025-12-23,CP95_Donchian12Buy,BUY,4493.23,4479.47,-26.23,3252.68
354,2025-12-23 04:00:00,2025-12-23,CP95_Donchian15Buy,BUY,4493.23,4479.47,-26.02,3226.66
355,2025-12-23 04:00:00,2025-12-23,CP95_Donchian20Buy,BUY,4493.23,4478.12,-25.81,3200.84
356,2025-12-23 04:00:00,2025-12-23,CP95_Donchian3Buy,BUY,4493.23,4479.47,-25.61,3175.24
357,2025-12-26 08:00:00,2025-12-26,CP95_Donchian5Buy,BUY,4511.53,4549.03,52.61,3227.84
358,2025-12-26 08:00:00,2025-12-26,CP95_Donchian7Buy,BUY,4511.53,4549.38,53.99,3281.83
359,2025-12-26 08:00:00,2025-12-26,CP95_Donchian10Buy,BUY,4511.53,4549.92,55.67,3337.5
360,2025-12-26 08:00:00,2025-12-26,CP95_Donchian12Buy,BUY,4511.53,4493.42,-26.7,3310.8
361,2025-12-26 08:00:00,2025-12-26,CP95_Donchian15Buy,BUY,4511.53,4493.42,-26.49,3284.31
362,2025-12-26 08:00:00,2025-12-26,CP95_Donchian3Buy,BUY,4511.53,4549.03,54.41,3338.73
363,2026-01-20 19:00:00,2026-01-20,CP95_PinbarKeltnerBuy,BUY,4758.9,4797.77,57.94,3396.67
364,2026-01-20 19:00:00,2026-01-20,CP95_Donchian5Buy,BUY,4758.9,4796.01,56.27,3452.94
365,2026-01-20 19:00:00,2026-01-20,CP95_Donchian7Buy,BUY,4758.9,4796.36,57.74,3510.68
366,2026-01-20 19:00:00,2026-01-20,CP95_Donchian10Buy,BUY,4758.9,4796.89,59.54,3570.22
367,2026-01-20 19:00:00,2026-01-20,CP95_Donchian12Buy,BUY,4758.9,4797.42,61.4,3631.62
368,2026-01-20 19:00:00,2026-01-20,CP95_Donchian15Buy,BUY,4758.9,4797.77,63.02,3694.64
369,2026-01-20 19:00:00,2026-01-20,CP95_Donchian20Buy,BUY,4758.9,4799.54,61.02,3755.66
370,2026-01-20 19:00:00,2026-01-20,CP95_Donchian3Buy,BUY,4758.9,4796.01,62.21,3817.88
371,2026-01-21 04:00:00,2026-01-21,CP95_PinbarKeltnerBuy,BUY,4836.23,4882.89,66.41,3884.29
372,2026-01-21 05:00:00,2026-01-21,CP95_PinbarKeltnerBuy,BUY,4844.73,4822.28,-31.07,3853.21
373,2026-01-21 05:00:00,2026-01-21,CP95_Donchian5Buy,BUY,4844.73,4822.28,-30.83,3822.39
374,2026-01-21 05:00:00,2026-01-21,CP95_Donchian7Buy,BUY,4844.73,4822.28,-30.58,3791.81
375,2026-01-21 05:00:00,2026-01-21,CP95_Donchian10Buy,BUY,4844.73,4822.28,-30.33,3761.47
376,2026-01-21 05:00:00,2026-01-21,CP95_Donchian12Buy,BUY,4844.73,4822.28,-30.09,3731.38
377,2026-01-21 05:00:00,2026-01-21,CP95_Donchian15Buy,BUY,4844.73,4822.28,-29.85,3701.53
378,2026-01-21 05:00:00,2026-01-21,CP95_Donchian20Buy,BUY,4844.73,4820.06,-29.61,3671.92
379,2026-01-21 05:00:00,2026-01-21,CP95_Donchian3Buy,BUY,4844.73,4822.28,-29.38,3642.54
380,2026-01-21 07:00:00,2026-01-21,CP95_PinbarKeltnerBuy,BUY,4869.87,4846.94,-29.14,3613.4
381,2026-01-26 02:00:00,2026-01-26,CP95_PinbarKeltnerBuy,BUY,5041.57,5094.26,62.94,3676.34
382,2026-01-26 02:00:00,2026-01-26,CP95_Donchian5Buy,BUY,5041.57,5091.86,61.12,3737.47
383,2026-01-26 02:00:00,2026-01-26,CP95_Donchian7Buy,BUY,5041.57,5092.34,62.73,3800.2
384,2026-01-26 02:00:00,2026-01-26,CP95_Donchian10Buy,BUY,5041.57,5093.06,64.69,3864.89
385,2026-01-26 02:00:00,2026-01-26,CP95_Donchian12Buy,BUY,5041.57,5093.78,66.71,3931.6
386,2026-01-26 02:00:00,2026-01-26,CP95_Donchian15Buy,BUY,5041.57,5094.26,68.48,4000.08
387,2026-01-26 02:00:00,2026-01-26,CP95_Donchian20Buy,BUY,5041.57,5096.65,66.28,4066.36
388,2026-01-26 02:00:00,2026-01-26,CP95_Donchian3Buy,BUY,5041.57,5091.86,67.61,4133.97
389,2026-01-26 08:00:00,2026-01-26,CP95_PinbarKeltnerBuy,BUY,5077.47,5049.08,-33.07,4100.9
390,2026-01-28 05:00:00,2026-01-28,CP95_PinbarKeltnerBuy,BUY,5234.86,5304.55,71.61,4172.51
391,2026-01-28 05:00:00,2026-01-28,CP95_Donchian5Buy,BUY,5234.86,5301.39,69.55,4242.06
392,2026-01-28 05:00:00,2026-01-28,CP95_Donchian7Buy,BUY,5234.86,5302.02,71.38,4313.44
393,2026-01-28 05:00:00,2026-01-28,CP95_Donchian10Buy,BUY,5234.86,5302.97,73.61,4387.05
394,2026-01-28 05:00:00,2026-01-28,CP95_Donchian12Buy,BUY,5234.86,5303.92,75.91,4462.96
395,2026-01-28 05:00:00,2026-01-28,CP95_Donchian15Buy,BUY,5234.86,5304.55,77.93,4540.89
396,2026-01-28 05:00:00,2026-01-28,CP95_Donchian20Buy,BUY,5234.86,5307.72,75.42,4616.31
397,2026-01-28 05:00:00,2026-01-28,CP95_Donchian3Buy,BUY,5234.86,5301.39,76.95,4693.25
398,2026-01-28 10:00:00,2026-01-28,CP95_Donchian20Buy,BUY,5293.54,5259.86,-37.55,4655.71
399,2026-01-29 02:00:00,2026-01-29,CP95_PinbarKeltnerBuy,BUY,5520.19,5466.62,-37.25,4618.46
400,2026-01-29 03:00:00,2026-01-29,CP95_PinbarKeltnerBuy,BUY,5545.46,5485.47,-36.95,4581.51
401,2026-02-20 19:00:00,2026-02-20,CP95_PinbarKeltnerBuy,BUY,5072.86,5127.89,79.84,4661.35
402,2026-02-20 19:00:00,2026-02-20,CP95_Donchian5Buy,BUY,5072.86,5125.39,77.54,4738.89
403,2026-02-20 19:00:00,2026-02-20,CP95_Donchian7Buy,BUY,5072.86,5125.89,79.58,4818.46
404,2026-02-20 19:00:00,2026-02-20,CP95_Donchian10Buy,BUY,5072.86,5126.64,82.06,4900.52
405,2026-02-20 19:00:00,2026-02-20,CP95_Donchian12Buy,BUY,5072.86,5127.39,84.62,4985.14
406,2026-02-20 19:00:00,2026-02-20,CP95_Donchian15Buy,BUY,5072.86,5127.89,86.87,5072.01
407,2026-02-20 19:00:00,2026-02-20,CP95_Donchian20Buy,BUY,5072.86,5130.4,84.08,5156.09
408,2026-02-20 19:00:00,2026-02-20,CP95_Donchian3Buy,BUY,5072.86,5125.39,85.77,5241.85
409,2026-04-08 02:00:00,2026-04-08,CP95_PinbarKeltnerBuy,BUY,4833.3,4793.98,-41.93,5199.92
410,2026-04-08 02:00:00,2026-04-08,CP95_Donchian5Buy,BUY,4833.3,4793.98,-41.6,5158.32
411,2026-04-08 02:00:00,2026-04-08,CP95_Donchian7Buy,BUY,4833.3,4793.98,-41.27,5117.05
412,2026-04-08 02:00:00,2026-04-08,CP95_Donchian10Buy,BUY,4833.3,4793.98,-40.94,5076.12
413,2026-04-08 02:00:00,2026-04-08,CP95_Donchian12Buy,BUY,4833.3,4793.98,-40.61,5035.51
414,2026-04-08 02:00:00,2026-04-08,CP95_Donchian15Buy,BUY,4833.3,4793.98,-40.28,4995.22
415,2026-04-08 02:00:00,2026-04-08,CP95_Donchian20Buy,BUY,4833.3,4790.07,-39.96,4955.26
416,2026-04-08 02:00:00,2026-04-08,CP95_Donchian3Buy,BUY,4833.3,4793.98,-39.64,4915.62
417,2026-05-07 15:00:00,2026-05-07,CP95_PinbarKeltnerBuy,BUY,4749.92,4730.52,-39.32,4876.29
418,2026-05-07 15:00:00,2026-05-07,CP95_Donchian3Buy,BUY,4749.92,4730.52,-39.01,4837.28
