datetime,date,engine,type,entry,exit,pnl,balance
2022-05-24 13:00:00,2022-05-24,CP99_GapDayEMAPullbackBuy,BUY,1857.75,1854.3028571428572,-7.99999999999985,992.0000000000001
2022-05-24 15:00:00,2022-05-24,CP99_GapDayEMAPullbackBuy,BUY,1860.03,1867.8585,15.618201903393926,1007.618201903394
2022-05-30 11:00:00,2022-05-30,CP99_GapDayEMAPullbackBuy,BUY,1858.85,1855.205,-8.060945615227189,999.5572562881669
2022-06-08 23:00:00,2022-06-08,CP99_GapDayEMAPullbackBuy,BUY,1852.2,1847.727142857143,-7.99645805030516,991.5607982378617
2022-06-13 05:00:00,2022-06-13,CP99_GapDayEMAPullbackBuy,BUY,1863.44,1853.5685714285714,-7.932486385902919,983.6283118519588
2022-07-28 15:00:00,2022-07-28,CP99_PinbarKeltnerBuy,BUY,1744.49,1755.354857142857,16.477724147486537,1000.1060359994453
2022-07-28 15:00:00,2022-07-28,CP99_GapDayEMAPullbackBuy,BUY,1744.49,1754.8609999999999,15.992224206046512,1016.0982602054919
2022-07-28 17:00:00,2022-07-28,CP99_PinbarKeltnerBuy,BUY,1755.06,1768.1122857142855,17.160228029932416,1033.2584882354242
2022-07-28 17:00:00,2022-07-28,CP99_Donchian5Buy,BUY,1755.06,1767.5189999999998,16.656852594172943,1049.9153408295972
2022-07-28 17:00:00,2022-07-28,CP99_Donchian7Buy,BUY,1755.06,1767.637657142857,17.086566784078602,1067.0019076136757
2022-07-28 17:00:00,2022-07-28,CP99_Donchian10Buy,BUY,1755.06,1767.8156428571426,17.610363554504758,1084.6122711681805
2022-07-28 17:00:00,2022-07-28,CP99_Donchian12Buy,BUY,1755.06,1767.9936285714284,18.150795899282766,1102.7630670674632
2022-07-28 17:00:00,2022-07-28,CP99_Donchian15Buy,BUY,1755.06,1768.1122857142855,18.62385404541316,1121.3869211128763
2022-07-28 17:00:00,2022-07-28,CP99_Donchian20Buy,BUY,1755.06,1768.7055714285711,18.065693895436507,1139.4526150083127
2022-07-28 17:00:00,2022-07-28,CP99_Donchian3Buy,BUY,1755.06,1767.5189999999998,18.36877650882061,1157.8213915171334
2022-08-01 18:00:00,2022-08-01,CP99_GapDayEMAPullbackBuy,BUY,1768.7,1779.3139999999999,18.53462186844906,1176.3560133855824
2022-08-10 15:00:00,2022-08-10,CP99_Donchian5Buy,BUY,1797.2,1792.8657142857144,-9.410848107084519,1166.9451652784978
2022-08-10 15:00:00,2022-08-10,CP99_Donchian7Buy,BUY,1797.2,1792.8657142857144,-9.335561322227843,1157.60960395627
2022-08-10 15:00:00,2022-08-10,CP99_Donchian10Buy,BUY,1797.2,1792.8657142857144,-9.260876831650021,1148.34872712462
2022-08-10 15:00:00,2022-08-10,CP99_Donchian12Buy,BUY,1797.2,1792.8657142857144,-9.186789816996821,1139.161937307623
2022-08-10 15:00:00,2022-08-10,CP99_Donchian15Buy,BUY,1797.2,1792.8657142857144,-9.113295498460847,1130.048641809162
2022-08-10 15:00:00,2022-08-10,CP99_Donchian3Buy,BUY,1797.2,1792.8657142857144,-9.04038913447316,1121.008252674689
2022-08-11 16:00:00,2022-08-11,CP99_GapDayEMAPullbackBuy,BUY,1796.93,1792.817142857143,-8.968066021397476,1112.0401866532916
2022-09-13 13:00:00,2022-09-13,CP99_GapDayEMAPullbackBuy,BUY,1728.11,1724.9171428571428,-5.560200933266345,1106.4799857200253
2022-10-03 19:00:00,2022-10-03,CP99_PinbarKeltnerBuy,BUY,1691.08,1705.3784285714285,11.720443993092527,1118.2004297131177
2022-10-03 22:00:00,2022-10-03,CP99_Donchian20Buy,BUY,1700.55,1717.0607142857143,18.130436077382818,1136.3308657905006
2022-11-10 22:00:00,2022-11-10,CP99_Donchian20Buy,BUY,1755.51,1747.5497857142857,-9.090646926324032,1127.2402188641765
2022-11-11 10:00:00,2022-11-11,CP99_PinbarKeltnerBuy,BUY,1765.23,1759.4864285714286,-9.017921750913336,1118.2222971132633
2022-11-11 10:00:00,2022-11-11,CP99_Donchian5Buy,BUY,1765.23,1759.4864285714286,-8.94577837690603,1109.2765187363573
2022-11-11 10:00:00,2022-11-11,CP99_Donchian7Buy,BUY,1765.23,1759.4864285714286,-8.874212149890782,1100.4023065864665
2022-11-11 10:00:00,2022-11-11,CP99_Donchian10Buy,BUY,1765.23,1759.4864285714286,-8.803218452691658,1091.5990881337748
2022-11-11 10:00:00,2022-11-11,CP99_Donchian12Buy,BUY,1765.23,1759.4864285714286,-8.732792705070123,1082.8662954287047
2022-11-11 10:00:00,2022-11-11,CP99_Donchian15Buy,BUY,1765.23,1759.4864285714286,-8.662930363429565,1074.2033650652752
2022-11-11 10:00:00,2022-11-11,CP99_Donchian20Buy,BUY,1765.23,1758.9370714285715,-8.593626920522158,1065.609738144753
2022-11-11 10:00:00,2022-11-11,CP99_Donchian3Buy,BUY,1765.23,1759.4864285714286,-8.524877905157952,1057.084860239595
2022-11-29 16:00:00,2022-11-29,CP99_GapDayEMAPullbackBuy,BUY,1752.09,1761.6734999999999,10.522927631212818,1067.6077878708077
2022-11-30 20:00:00,2022-11-30,CP99_Donchian3Buy,BUY,1760.31,1771.89,10.723703504932873,1078.3314913757406
2022-11-30 22:00:00,2022-11-30,CP99_PinbarKeltnerBuy,BUY,1769.77,1783.6708571428571,11.410191833384902,1089.7416832091255
2022-11-30 22:00:00,2022-11-30,CP99_Donchian5Buy,BUY,1769.77,1783.039,11.006793906210632,1100.748477115336
2022-11-30 22:00:00,2022-11-30,CP99_Donchian7Buy,BUY,1769.77,1783.1653714285715,11.223851990295792,1111.9723291056318
2022-11-30 22:00:00,2022-11-30,CP99_Donchian10Buy,BUY,1769.77,1783.3549285714287,11.49874430732233,1123.4710734129542
2022-11-30 22:00:00,2022-11-30,CP99_Donchian12Buy,BUY,1769.77,1783.5444857142857,11.779757911915963,1135.2508313248702
2022-11-30 22:00:00,2022-11-30,CP99_Donchian15Buy,BUY,1769.77,1783.6708571428571,12.012474705621743,1147.263306030492
2022-11-30 22:00:00,2022-11-30,CP99_Donchian20Buy,BUY,1769.77,1784.3027142857143,11.577678794831224,1158.8409848253232
2022-11-30 22:00:00,2022-11-30,CP99_Donchian3Buy,BUY,1769.77,1783.039,11.70472240034039,1170.5457072256636
2022-12-07 21:00:00,2022-12-07,CP99_Donchian20Buy,BUY,1789.74,1783.509142857143,-9.364365657805218,1161.1813415678585
2022-12-08 16:00:00,2022-12-08,CP99_GapDayEMAPullbackBuy,BUY,1792.25,1788.3464285714285,-9.289450732542829,1151.8918908353157
2022-12-13 21:00:00,2022-12-13,CP99_PinbarKeltnerBuy,BUY,1811.33,1803.6171428571427,-9.215135126682643,1142.676755708633
2022-12-27 16:00:00,2022-12-27,CP99_GapDayEMAPullbackBuy,BUY,1807.97,1814.6015000000002,17.788682066945565,1160.4654377755785
2022-12-29 14:00:00,2022-12-29,CP99_GapDayEMAPullbackBuy,BUY,1806.72,1813.0545,18.00368360695404,1178.4691213825326
2022-12-30 15:00:00,2022-12-30,CP99_GapDayEMAPullbackBuy,BUY,1821.66,1818.2557142857145,-9.427752971059991,1169.0413684114726
2023-01-04 17:00:00,2023-01-04,CP99_GapDayEMAPullbackBuy,BUY,1857.68,1852.0192857142858,-9.35233094729162,1159.689037464181
2023-01-06 18:00:00,2023-01-06,CP99_PinbarKeltnerBuy,BUY,1863.33,1877.0831428571428,19.625679281872397,1179.3147167460534
2023-01-06 18:00:00,2023-01-06,CP99_Donchian5Buy,BUY,1863.33,1876.4579999999999,19.0506359411285,1198.365352687182
2023-01-06 18:00:00,2023-01-06,CP99_Donchian7Buy,BUY,1863.33,1876.5830285714285,19.542745208914614,1217.9080978960965
2023-01-06 18:00:00,2023-01-06,CP99_Donchian10Buy,BUY,1863.33,1876.7705714285714,20.142503270921907,1238.0506011670184
2023-01-06 18:00:00,2023-01-06,CP99_Donchian12Buy,BUY,1863.33,1876.9581142857141,20.76133871050921,1258.8119398775275
2023-01-06 18:00:00,2023-01-06,CP99_Donchian15Buy,BUY,1863.33,1877.0831428571428,21.303158527952412,1280.11509840548
2023-01-06 18:00:00,2023-01-06,CP99_Donchian20Buy,BUY,1863.33,1877.7082857142857,20.661672521238867,1300.7767709267189
2023-01-06 18:00:00,2023-01-06,CP99_Donchian3Buy,BUY,1863.33,1876.4579999999999,21.012732523152035,1321.7895034498708
2023-01-12 15:00:00,2023-01-12,CP99_PinbarKeltnerBuy,BUY,1899.44,1894.112142857143,-10.57431602759887,1311.215187422272
2023-01-12 15:00:00,2023-01-12,CP99_Donchian5Buy,BUY,1899.44,1894.112142857143,-10.489721499378081,1300.725465922894
2023-01-12 15:00:00,2023-01-12,CP99_Donchian7Buy,BUY,1899.44,1894.112142857143,-10.405803727383057,1290.319662195511
2023-01-12 15:00:00,2023-01-12,CP99_Donchian10Buy,BUY,1899.44,1894.112142857143,-10.322557297563993,1279.997104897947
2023-01-12 15:00:00,2023-01-12,CP99_Donchian12Buy,BUY,1899.44,1894.112142857143,-10.239976839183482,1269.7571280587636
2023-01-12 15:00:00,2023-01-12,CP99_Donchian15Buy,BUY,1899.44,1894.112142857143,-10.158057024470015,1259.5990710342935
2023-01-12 15:00:00,2023-01-12,CP99_Donchian20Buy,BUY,1899.44,1893.6043571428572,-10.076792568274373,1249.522278466019
2023-01-12 15:00:00,2023-01-12,CP99_Donchian3Buy,BUY,1899.44,1894.112142857143,-9.99617822772806,1239.526100238291
2023-01-12 15:00:00,2023-01-12,CP99_GapDayEMAPullbackBuy,BUY,1899.44,1894.112142857143,-9.916208801906238,1229.6098914363847
2023-01-12 20:00:00,2023-01-12,CP99_PinbarKeltnerBuy,BUY,1898.81,1915.303714285714,13.089234706405916,1242.6991261427906
2023-01-12 20:00:00,2023-01-12,CP99_Donchian3Buy,BUY,1898.81,1914.5539999999999,12.627271371376084,1255.3263975141667
2023-01-13 17:00:00,2023-01-13,CP99_PinbarKeltnerBuy,BUY,1913.52,1927.0657142857144,13.269793646855549,1268.5961911610223
2023-01-13 17:00:00,2023-01-13,CP99_Donchian5Buy,BUY,1913.52,1926.45,12.800517420511074,1281.3967085815334
2023-01-13 17:00:00,2023-01-13,CP99_Donchian7Buy,BUY,1913.52,1926.5731428571428,13.052818289466112,1294.4495268709995
2023-01-13 17:00:00,2023-01-13,CP99_Donchian10Buy,BUY,1913.52,1926.7578571428571,13.372370725473887,1307.8218975964735
2023-01-13 17:00:00,2023-01-13,CP99_Donchian12Buy,BUY,1913.52,1926.9425714285715,13.699033428580767,1321.5209310250543
2023-01-13 17:00:00,2023-01-13,CP99_Donchian15Buy,BUY,1913.52,1927.0657142857144,13.969522260846897,1335.4904532859011
2023-01-13 17:00:00,2023-01-13,CP99_Donchian20Buy,BUY,1913.52,1927.6814285714286,13.464927647907965,1348.955380933809
2023-01-13 17:00:00,2023-01-13,CP99_Donchian3Buy,BUY,1913.52,1926.45,13.611365833703376,1362.5667467675123
2023-01-27 17:00:00,2023-01-27,CP99_GapDayLowerKeltnerBuy,BUY,1924.0,1918.5585714285714,-10.900533974140098,1351.6662127933723
2023-02-01 17:00:00,2023-02-01,CP99_GapDayEMAPullbackBuy,BUY,1931.8,1927.3914285714286,-10.813329702346818,1340.8528830910254
2023-03-03 17:00:00,2023-03-03,CP99_GapDayEMAPullbackBuy,BUY,1844.52,1851.7259999999999,20.996601048933567,1361.849484139959
2023-03-13 19:00:00,2023-03-13,CP99_PinbarKeltnerBuy,BUY,1909.68,1900.1907142857144,-10.89479587311958,1350.9546882668394
2023-03-13 21:00:00,2023-03-13,CP99_PinbarKeltnerBuy,BUY,1913.15,1903.3178571428573,-10.807637506134627,1340.1470507607048
2023-03-13 21:00:00,2023-03-13,CP99_Donchian5Buy,BUY,1913.15,1903.3178571428573,-10.72117640608555,1329.4258743546193
2023-03-13 21:00:00,2023-03-13,CP99_Donchian7Buy,BUY,1913.15,1903.3178571428573,-10.635406994836865,1318.7904673597825
2023-03-13 21:00:00,2023-03-13,CP99_Donchian10Buy,BUY,1913.15,1903.3178571428573,-10.550323738878173,1308.2401436209043
2023-03-13 21:00:00,2023-03-13,CP99_Donchian12Buy,BUY,1913.15,1903.3178571428573,-10.465921148967148,1297.774222471937
2023-03-13 21:00:00,2023-03-13,CP99_Donchian15Buy,BUY,1913.15,1903.3178571428573,-10.382193779775411,1287.3920286921616
2023-03-13 21:00:00,2023-03-13,CP99_Donchian20Buy,BUY,1913.15,1902.359642857143,-10.29913622953727,1277.0928924626244
2023-03-13 21:00:00,2023-03-13,CP99_Donchian3Buy,BUY,1913.15,1903.3178571428573,-10.21674313970091,1266.8761493229235
2023-03-20 08:00:00,2023-03-20,CP99_PinbarKeltnerBuy,BUY,1988.64,2008.6662857142858,13.563140836771392,1280.439290159695
2023-03-22 07:00:00,2023-03-22,CP99_GapDayLowerKeltnerBuy,BUY,1939.65,1934.6885714285715,-6.402196450798455,1274.0370937088965
2023-04-03 18:00:00,2023-04-03,CP99_PinbarKeltnerBuy,BUY,1987.8,1981.24,-6.3701854685444195,1267.666908240352
2023-04-04 19:00:00,2023-04-04,CP99_PinbarKeltnerBuy,BUY,2020.6,2013.6921428571427,-6.338334541201835,1261.3285736991502
2023-05-03 23:00:00,2023-05-03,CP99_Donchian20Buy,BUY,2045.0,2062.2927142857143,12.79970512195131,1274.1282788211015
2023-05-09 16:00:00,2023-05-09,CP99_GapDayEMAPullbackBuy,BUY,2030.16,2026.1764285714287,-6.370641394105403,1267.757637426996
2023-05-09 18:00:00,2023-05-09,CP99_GapDayEMAPullbackBuy,BUY,2026.96,2035.0345000000002,12.498790040786847,1280.256427467783
2023-05-11 15:00:00,2023-05-11,CP99_GapDayEMAPullbackBuy,BUY,2037.34,2032.25,-6.401282137338853,1273.855145330444
2023-07-05 15:00:00,2023-07-05,CP99_GapDayEMAPullbackBuy,BUY,1929.21,1926.2428571428572,-6.369275726651977,1267.485869603792
2023-07-11 16:00:00,2023-07-11,CP99_GapDayEMAPullbackBuy,BUY,1933.36,1942.2955,12.570055480404742,1280.0559250841968
2023-07-12 17:00:00,2023-07-12,CP99_PinbarKeltnerBuy,BUY,1957.55,1952.2592857142856,-6.400279625421044,1273.6556454587758
2023-07-12 17:00:00,2023-07-12,CP99_Donchian5Buy,BUY,1957.55,1952.2592857142856,-6.3682782272939376,1267.2873672314818
2023-07-12 17:00:00,2023-07-12,CP99_Donchian7Buy,BUY,1957.55,1952.2592857142856,-6.336436836157467,1260.9509303953243
2023-07-12 17:00:00,2023-07-12,CP99_Donchian10Buy,BUY,1957.55,1952.2592857142856,-6.304754651976681,1254.6461757433476
2023-07-12 17:00:00,2023-07-12,CP99_Donchian12Buy,BUY,1957.55,1952.2592857142856,-6.273230878716796,1248.3729448646309
2023-07-12 17:00:00,2023-07-12,CP99_Donchian15Buy,BUY,1957.55,1952.2592857142856,-6.241864724323213,1242.1310801403076
2023-07-12 17:00:00,2023-07-12,CP99_Donchian20Buy,BUY,1957.55,1951.7552142857141,-6.210655400701644,1235.920424739606
2023-07-12 17:00:00,2023-07-12,CP99_Donchian3Buy,BUY,1957.55,1952.2592857142856,-6.179602123698087,1229.740822615908
2023-07-13 05:00:00,2023-07-13,CP99_Donchian20Buy,BUY,1959.94,1954.3078571428573,-6.148704113079425,1223.5921185028285
2023-07-18 16:00:00,2023-07-18,CP99_PinbarKeltnerBuy,BUY,1971.12,1980.653857142857,12.725396168384535,1236.317514671213
2023-07-26 05:00:00,2023-07-26,CP99_GapDayEMAPullbackBuy,BUY,1964.0,1971.347,12.115581833465248,1248.4330965046784
2023-07-26 17:00:00,2023-07-26,CP99_GapDayEMAPullbackBuy,BUY,1968.92,1965.3464285714285,-6.24216548252359,1242.1909310221547
2023-08-28 16:00:00,2023-08-28,CP99_GapDayEMAPullbackBuy,BUY,1918.04,1922.8115,11.75015525109191,1253.9410862732466
2023-10-13 18:00:00,2023-10-13,CP99_PinbarKeltnerBuy,BUY,1922.89,1916.0800000000002,-6.269705431366218,1247.6713808418804
2023-10-13 18:00:00,2023-10-13,CP99_Donchian5Buy,BUY,1922.89,1916.0800000000002,-6.238356904209388,1241.433023937671
2023-10-13 18:00:00,2023-10-13,CP99_Donchian7Buy,BUY,1922.89,1916.0800000000002,-6.207165119688341,1235.2258588179825
2023-10-13 18:00:00,2023-10-13,CP99_Donchian10Buy,BUY,1922.89,1916.0800000000002,-6.176129294089899,1229.0497295238927
2023-10-13 18:00:00,2023-10-13,CP99_Donchian12Buy,BUY,1922.89,1916.0800000000002,-6.145248647619449,1222.9044808762733
2023-10-13 18:00:00,2023-10-13,CP99_Donchian15Buy,BUY,1922.89,1916.0800000000002,-6.114522404381352,1216.7899584718919
2023-10-13 18:00:00,2023-10-13,CP99_Donchian20Buy,BUY,1922.89,1915.4240000000002,-6.083949792359407,1210.7060086795325
2023-10-13 18:00:00,2023-10-13,CP99_Donchian3Buy,BUY,1922.89,1916.0800000000002,-6.053530043397648,1204.652478636135
2023-10-17 15:00:00,2023-10-17,CP99_GapDayEMAPullbackBuy,BUY,1925.85,1921.7199999999998,-6.023262393180817,1198.629216242954
2023-10-18 14:00:00,2023-10-18,CP99_PinbarKeltnerBuy,BUY,1946.06,1955.729,12.475291595105707,1211.1045078380598
2023-10-18 14:00:00,2023-10-18,CP99_Donchian5Buy,BUY,1946.06,1955.2895,12.032173363930584,1223.1366812019903
2023-10-18 14:00:00,2023-10-18,CP99_Donchian7Buy,BUY,1946.06,1955.3774,12.26744210272503,1235.4041233047153
2023-10-18 14:00:00,2023-10-18,CP99_Donchian10Buy,BUY,1946.06,1955.50925,12.565815298317753,1247.9699386030331
2023-10-18 14:00:00,2023-10-18,CP99_Donchian12Buy,BUY,1946.06,1955.6411,12.87074787809431,1260.8406864811275
2023-10-18 14:00:00,2023-10-18,CP99_Donchian15Buy,BUY,1946.06,1955.729,13.122786434430683,1273.9634729155582
2023-10-18 14:00:00,2023-10-18,CP99_Donchian20Buy,BUY,1946.06,1956.1685,12.663840855508843,1286.627313771067
2023-10-18 14:00:00,2023-10-18,CP99_Donchian3Buy,BUY,1946.06,1955.2895,12.782483091980852,1299.4097968630479
2023-10-19 21:00:00,2023-10-19,CP99_PinbarKeltnerBuy,BUY,1972.97,1985.6278571428572,21.917278772359328,1321.3270756354073
2023-10-19 21:00:00,2023-10-19,CP99_Donchian5Buy,BUY,1972.97,1985.0525000000002,21.273916143163305,1342.6009917785705
2023-10-19 21:00:00,2023-10-19,CP99_Donchian7Buy,BUY,1972.97,1985.1675714285716,21.822305861945047,1364.4232976405156
2023-10-19 21:00:00,2023-10-19,CP99_Donchian10Buy,BUY,1972.97,1985.3401785714286,22.49082572217749,1386.914123362693
2023-10-19 21:00:00,2023-10-19,CP99_Donchian12Buy,BUY,1972.97,1985.5127857142859,23.180557586995022,1410.0946809496882
2023-10-19 21:00:00,2023-10-19,CP99_Donchian15Buy,BUY,1972.97,1985.6278571428572,23.784212103375957,1433.878893053064
2023-10-19 21:00:00,2023-10-19,CP99_Donchian20Buy,BUY,1972.97,1986.2032142857145,23.07345513242295,1456.952348185487
2023-10-19 21:00:00,2023-10-19,CP99_Donchian3Buy,BUY,1972.97,1985.0525000000002,23.457539508132626,1480.4098876936196
2023-10-25 06:00:00,2023-10-25,CP99_GapDayEMAPullbackBuy,BUY,1973.1,1968.5135714285714,-11.843279101548916,1468.5666085920707
2023-10-25 08:00:00,2023-10-25,CP99_GapDayEMAPullbackBuy,BUY,1972.69,1968.5228571428572,-11.748532868736566,1456.818075723334
2023-10-25 15:00:00,2023-10-25,CP99_GapDayEMAPullbackBuy,BUY,1975.06,1983.106,22.975402915194955,1479.793478638529
2023-10-25 18:00:00,2023-10-25,CP99_GapDayEMAPullbackBuy,BUY,1981.07,1974.4642857142858,-11.838347829108027,1467.955130809421
2023-11-21 04:00:00,2023-11-21,CP99_Donchian20Buy,BUY,1990.6,1985.4471428571428,-11.743641046475298,1456.2114897629458
2023-11-23 09:00:00,2023-11-23,CP99_GapDayEMAPullbackBuy,BUY,1996.24,1992.8942857142856,-11.64969191810385,1444.561797844842
2023-11-28 19:00:00,2023-11-28,CP99_PinbarKeltnerBuy,BUY,2040.56,2050.4317142857144,24.082535429355,1468.644333274197
2023-11-28 19:00:00,2023-11-28,CP99_Donchian5Buy,BUY,2040.56,2049.9829999999997,23.37110949749033,1492.0154427716873
2023-11-28 19:00:00,2023-11-28,CP99_Donchian7Buy,BUY,2040.56,2050.0727428571427,23.96914709814508,1515.9845898698325
2023-11-28 19:00:00,2023-11-28,CP99_Donchian10Buy,BUY,2040.56,2050.207357142857,24.698845194401052,1540.6834350642334
2023-11-28 19:00:00,2023-11-28,CP99_Donchian12Buy,BUY,2040.56,2050.3419714285715,25.45149563230466,1566.134930696538
2023-11-28 19:00:00,2023-11-28,CP99_Donchian15Buy,BUY,2040.56,2050.4317142857144,26.109301804823776,1592.244232501362
2023-11-28 19:00:00,2023-11-28,CP99_Donchian20Buy,BUY,2040.56,2050.8804285714286,25.349935283016496,1617.5941677843784
2023-11-28 19:00:00,2023-11-28,CP99_Donchian3Buy,BUY,2040.56,2049.9829999999997,25.741406248787285,1643.3355740331658
2023-12-19 01:00:00,2023-12-19,CP99_GapDayEMAPullbackBuy,BUY,2027.53,2022.7621428571429,-13.146684592265283,1630.1888894409005
2023-12-21 08:00:00,2023-12-21,CP99_GapDayEMAPullbackBuy,BUY,2036.81,2033.45,-13.04151111552689,1617.1473783253737
2023-12-21 15:00:00,2023-12-21,CP99_GapDayEMAPullbackBuy,BUY,2041.23,2037.42,-12.937179026602935,1604.2101992987707
2023-12-22 16:00:00,2023-12-22,CP99_PinbarKeltnerBuy,BUY,2068.3,2063.5478571428575,-12.83368159438977,1591.3765177043808
2023-12-27 18:00:00,2023-12-27,CP99_PinbarKeltnerBuy,BUY,2081.54,2076.9742857142855,-12.731012141635409,1578.6455055627455
2023-12-28 04:00:00,2023-12-28,CP99_PinbarKeltnerBuy,BUY,2087.82,2082.7250000000004,-12.629164044501563,1566.016341518244
2023-12-28 04:00:00,2023-12-28,CP99_Donchian5Buy,BUY,2087.82,2082.7250000000004,-12.528130732145552,1553.4882107860983
2023-12-28 04:00:00,2023-12-28,CP99_Donchian7Buy,BUY,2087.82,2082.7250000000004,-12.42790568628839,1541.06030509981
2023-12-28 04:00:00,2023-12-28,CP99_Donchian10Buy,BUY,2087.82,2082.7250000000004,-12.328482440798085,1528.7318226590119
2023-12-28 04:00:00,2023-12-28,CP99_Donchian12Buy,BUY,2087.82,2082.7250000000004,-12.229854581271704,1516.5019680777402
2023-12-28 04:00:00,2023-12-28,CP99_Donchian15Buy,BUY,2087.82,2082.7250000000004,-12.132015744621537,1504.3699523331186
2023-12-28 04:00:00,2023-12-28,CP99_Donchian20Buy,BUY,2087.82,2082.2405000000003,-12.03495961866466,1492.3349927144538
2023-12-28 04:00:00,2023-12-28,CP99_Donchian3Buy,BUY,2087.82,2082.7250000000004,-11.93867994171525,1480.3963127727386
2024-01-30 15:00:00,2024-01-30,CP99_GapDayEMAPullbackBuy,BUY,2037.61,2044.3434999999997,14.41986774217517,1494.8161805149139
2024-02-28 21:00:00,2024-02-28,CP99_GapDayEMAPullbackBuy,BUY,2032.04,2028.5049999999999,-7.474080902574673,1487.342099612339
2024-02-29 16:00:00,2024-02-29,CP99_PinbarKeltnerBuy,BUY,2047.64,2043.8035714285716,-7.4367104980615375,1479.9053891142776
2024-02-29 17:00:00,2024-02-29,CP99_PinbarKeltnerBuy,BUY,2048.03,2044.0635714285715,-7.399526945571419,1472.5058621687062
2024-03-01 13:00:00,2024-03-01,CP99_PinbarKeltnerBuy,BUY,2055.26,2051.632142857143,-7.3625293108433345,1465.143332857863
2024-03-01 13:00:00,2024-03-01,CP99_Donchian5Buy,BUY,2055.26,2051.632142857143,-7.325716664289119,1457.817616193574
2024-03-01 13:00:00,2024-03-01,CP99_Donchian7Buy,BUY,2055.26,2051.632142857143,-7.289088080967675,1450.5285281126062
2024-03-01 13:00:00,2024-03-01,CP99_Donchian10Buy,BUY,2055.26,2051.632142857143,-7.252642640562836,1443.2758854720435
2024-03-01 13:00:00,2024-03-01,CP99_Donchian12Buy,BUY,2055.26,2051.632142857143,-7.216379427360024,1436.0595060446835
2024-03-01 13:00:00,2024-03-01,CP99_Donchian15Buy,BUY,2055.26,2051.632142857143,-7.180297530223225,1428.8792085144603
2024-03-01 13:00:00,2024-03-01,CP99_Donchian20Buy,BUY,2055.26,2051.2943571428573,-7.1443960425725175,1421.7348124718878
2024-03-01 13:00:00,2024-03-01,CP99_Donchian3Buy,BUY,2055.26,2051.632142857143,-7.108674062359249,1414.6261384095285
2024-03-01 20:00:00,2024-03-01,CP99_PinbarKeltnerBuy,BUY,2085.56,2102.2454285714284,15.064323825123608,1429.6904622346522
2024-03-08 15:00:00,2024-03-08,CP99_GapDayEMAPullbackBuy,BUY,2170.98,2164.7971428571427,-7.148452311173411,1422.5420099234786
2024-03-08 18:00:00,2024-03-08,CP99_PinbarKeltnerBuy,BUY,2180.55,2173.0964285714285,-7.112710049617549,1415.429299873861
2024-03-08 21:00:00,2024-03-08,CP99_GapDayEMAPullbackBuy,BUY,2176.27,2166.977857142857,-7.077146499369404,1408.3521533744918
2024-03-20 21:00:00,2024-03-20,CP99_PinbarKeltnerBuy,BUY,2182.78,2196.5127142857145,14.895311272058152,1423.2474646465498
2024-03-27 16:00:00,2024-03-27,CP99_PinbarKeltnerBuy,BUY,2193.36,2207.320571428572,15.062317006185907,1438.3097816527356
2024-03-28 17:00:00,2024-03-28,CP99_PinbarKeltnerBuy,BUY,2215.8,2232.1852857142862,15.307582539317611,1453.6173641920532
2024-03-28 19:00:00,2024-03-28,CP99_PinbarKeltnerBuy,BUY,2221.81,2239.6347142857144,15.511177574817081,1469.1285417668703
2024-04-05 19:00:00,2024-04-05,CP99_PinbarKeltnerBuy,BUY,2327.16,2317.0864285714283,-7.34564270883447,1461.7828990580358
2024-04-18 17:00:00,2024-04-18,CP99_GapDayEMAPullbackBuy,BUY,2379.88,2394.2320000000004,14.807073721614099,1476.58997277965
2024-06-20 12:00:00,2024-06-20,CP99_GapDayEMAPullbackBuy,BUY,2334.54,2343.5385,14.649498202930271,1491.2394709825803
2024-07-01 21:00:00,2024-07-01,CP99_GapDayEMAPullbackBuy,BUY,2329.87,2323.2457142857143,-7.456197354912865,1483.7832736276675
2024-07-03 18:00:00,2024-07-03,CP99_PinbarKeltnerBuy,BUY,2362.95,2356.4799999999996,-7.418916368138524,1476.364357259529
2024-07-05 15:00:00,2024-07-05,CP99_PinbarKeltnerBuy,BUY,2371.98,2382.884142857143,15.46020236318612,1491.8245596227152
2024-07-05 15:00:00,2024-07-05,CP99_Donchian5Buy,BUY,2371.98,2382.3885,14.9120032242872,1506.7365628470025
2024-07-05 15:00:00,2024-07-05,CP99_Donchian7Buy,BUY,2371.98,2382.4876285714286,15.20449953377809,1521.9410623807805
2024-07-05 15:00:00,2024-07-05,CP99_Donchian10Buy,BUY,2371.98,2382.6363214285716,15.57525752400839,1537.5163199047888
2024-07-05 15:00:00,2024-07-05,CP99_Donchian12Buy,BUY,2371.98,2382.7850142857146,15.954205049750605,1553.4705249545393
2024-07-05 15:00:00,2024-07-05,CP99_Donchian15Buy,BUY,2371.98,2382.884142857143,16.26764325686049,1569.7381682113999
2024-07-05 15:00:00,2024-07-05,CP99_Donchian20Buy,BUY,2371.98,2383.379785714286,15.691384235806096,1585.4295524472059
2024-07-05 15:00:00,2024-07-05,CP99_Donchian3Buy,BUY,2371.98,2382.3885,15.847661472976442,1601.2772139201822
2024-07-05 15:00:00,2024-07-05,CP99_GapDayEMAPullbackBuy,BUY,2371.98,2382.3885,16.00607177495069,1617.283285695133
2024-07-11 16:00:00,2024-07-11,CP99_PinbarKeltnerBuy,BUY,2406.54,2420.884,27.413071137383643,1644.6963568325166
2024-07-17 11:00:00,2024-07-17,CP99_Donchian5Buy,BUY,2474.84,2467.7514285714287,-13.157570854660014,1631.5387859778566
2024-07-17 11:00:00,2024-07-17,CP99_Donchian3Buy,BUY,2474.84,2467.7514285714287,-13.052310287822735,1618.4864756900338
2024-08-16 16:00:00,2024-08-16,CP99_PinbarKeltnerBuy,BUY,2494.31,2487.125,-12.947891805520154,1605.5385838845136
2024-08-16 16:00:00,2024-08-16,CP99_Donchian5Buy,BUY,2494.31,2487.125,-12.844308671075995,1592.6942752134375
2024-08-16 16:00:00,2024-08-16,CP99_Donchian7Buy,BUY,2494.31,2487.125,-12.741554201707388,1579.95272101173
2024-08-16 16:00:00,2024-08-16,CP99_Donchian10Buy,BUY,2494.31,2487.125,-12.639621768093727,1567.3130992436363
2024-08-16 16:00:00,2024-08-16,CP99_Donchian12Buy,BUY,2494.31,2487.125,-12.538504793948977,1554.7745944496874
2024-08-16 16:00:00,2024-08-16,CP99_Donchian15Buy,BUY,2494.31,2487.125,-12.438196755597385,1542.33639769409
2024-08-16 16:00:00,2024-08-16,CP99_Donchian20Buy,BUY,2494.31,2486.4315,-12.338691181552393,1529.9977065125377
2024-08-16 16:00:00,2024-08-16,CP99_Donchian3Buy,BUY,2494.31,2487.125,-12.239981652100191,1517.7577248604375
2024-08-22 03:00:00,2024-08-22,CP99_GapDayEMAPullbackBuy,BUY,2513.62,2506.6935714285714,-7.588788624302046,1510.1689362361356
2024-08-23 19:00:00,2024-08-23,CP99_PinbarKeltnerBuy,BUY,2510.19,2524.4412857142856,15.994579351309204,1526.1635155874449
2024-08-29 18:00:00,2024-08-29,CP99_Donchian3Buy,BUY,2522.48,2515.8357142857144,-7.630817577937076,1518.5326980095078
2024-09-10 17:00:00,2024-09-10,CP99_GapDayEMAPullbackBuy,BUY,2509.03,2519.149,15.158149182371119,1533.690847191879
2024-09-12 21:00:00,2024-09-12,CP99_Donchian20Buy,BUY,2555.81,2575.488142857143,15.619136252801347,1549.3099834446803
2024-09-13 04:00:00,2024-09-13,CP99_PinbarKeltnerBuy,BUY,2563.09,2581.8827142857144,16.557817776599496,1565.8678012212797
2024-09-13 04:00:00,2024-09-13,CP99_Donchian5Buy,BUY,2563.09,2581.0285000000003,15.974103246848383,1581.8419044681282
2024-09-13 04:00:00,2024-09-13,CP99_Donchian7Buy,BUY,2563.09,2581.199342857143,16.2907483757141,1598.1326528438424
2024-09-13 04:00:00,2024-09-13,CP99_Donchian10Buy,BUY,2563.09,2581.4556071428574,16.691423775295707,1614.8240766191382
2024-09-13 04:00:00,2024-09-13,CP99_Donchian12Buy,BUY,2563.09,2581.7118714285716,17.10109061190524,1631.9251672310434
2024-09-13 04:00:00,2024-09-13,CP99_Donchian15Buy,BUY,2563.09,2581.8827142857144,17.440744481604955,1649.3659117126483
2024-09-13 04:00:00,2024-09-13,CP99_Donchian20Buy,BUY,2563.09,2582.736928571429,16.796482742484184,1666.1623944551325
2024-09-13 04:00:00,2024-09-13,CP99_Donchian3Buy,BUY,2563.09,2581.0285000000003,16.997252318672118,1683.1596467738045
2024-09-13 19:00:00,2024-09-13,CP99_PinbarKeltnerBuy,BUY,2584.18,2577.7442857142855,-13.465277174190504,1669.694369599614
2024-09-13 19:00:00,2024-09-13,CP99_Donchian5Buy,BUY,2584.18,2577.7442857142855,-13.35755495679698,1656.336814642817
2024-09-13 19:00:00,2024-09-13,CP99_Donchian7Buy,BUY,2584.18,2577.7442857142855,-13.250694517142602,1643.0861201256744
2024-09-13 19:00:00,2024-09-13,CP99_Donchian10Buy,BUY,2584.18,2577.7442857142855,-13.14468896100546,1629.941431164669
2024-09-13 19:00:00,2024-09-13,CP99_Donchian12Buy,BUY,2584.18,2577.7442857142855,-13.039531449317419,1616.9018997153516
2024-09-13 19:00:00,2024-09-13,CP99_Donchian15Buy,BUY,2584.18,2577.7442857142855,-12.93521519772288,1603.9666845176287
2024-09-13 19:00:00,2024-09-13,CP99_Donchian20Buy,BUY,2584.18,2577.125714285714,-12.831733476141427,1591.1349510414873
2024-09-13 19:00:00,2024-09-13,CP99_Donchian3Buy,BUY,2584.18,2577.7442857142855,-12.729079608331965,1578.4058714331554
2024-10-03 04:00:00,2024-10-03,CP99_GapDayEMAPullbackBuy,BUY,2658.13,2651.717857142857,-7.892029357165898,1570.5138420759895
2024-10-03 06:00:00,2024-10-03,CP99_GapDayEMAPullbackBuy,BUY,2655.85,2649.852857142857,-7.852569210380076,1562.6612728656094
2024-10-16 05:00:00,2024-10-16,CP99_Donchian5Buy,BUY,2667.92,2680.6295,15.757055891691882,1578.4183287573012
2024-10-16 05:00:00,2024-10-16,CP99_Donchian7Buy,BUY,2667.92,2680.750542857143,16.06752216880242,1594.4858509261037
2024-10-16 05:00:00,2024-10-16,CP99_Donchian3Buy,BUY,2667.92,2680.6295,16.07795822922095,1610.5638091553246
2024-10-22 20:00:00,2024-10-22,CP99_PinbarKeltnerBuy,BUY,2746.65,2739.4707142857146,-12.884510473242248,1597.6792986820824
2024-10-22 20:00:00,2024-10-22,CP99_Donchian5Buy,BUY,2746.65,2739.4707142857146,-12.781434389456313,1584.897864292626
2024-10-22 20:00:00,2024-10-22,CP99_Donchian7Buy,BUY,2746.65,2739.4707142857146,-12.679182914340664,1572.2186813782855
2024-10-22 20:00:00,2024-10-22,CP99_Donchian10Buy,BUY,2746.65,2739.4707142857146,-12.577749451025943,1559.6409319272595
2024-10-22 20:00:00,2024-10-22,CP99_Donchian12Buy,BUY,2746.65,2739.4707142857146,-12.477127455417737,1547.1638044718418
2024-10-22 20:00:00,2024-10-22,CP99_Donchian15Buy,BUY,2746.65,2739.4707142857146,-12.3773104357744,1534.7864940360673
2024-10-22 20:00:00,2024-10-22,CP99_Donchian20Buy,BUY,2746.65,2738.777785714286,-12.278291952288347,1522.508202083779
2024-10-22 20:00:00,2024-10-22,CP99_Donchian3Buy,BUY,2746.65,2739.4707142857146,-12.180065616669904,1510.328136467109
2024-10-22 23:00:00,2024-10-22,CP99_Donchian20Buy,BUY,2748.47,2741.2334285714282,-7.551640682335704,1502.7764957847733
2024-10-24 19:00:00,2024-10-24,CP99_GapDayEMAPullbackBuy,BUY,2733.47,2726.670714285714,-7.5138824789239385,1495.2626133058493
2024-10-29 10:00:00,2024-10-29,CP99_GapDayEMAPullbackBuy,BUY,2754.52,2749.4085714285716,-7.476313066529057,1487.7863002393203
2024-10-29 19:00:00,2024-10-29,CP99_PinbarKeltnerBuy,BUY,2769.68,2786.2114285714283,15.838696473200937,1503.6249967125214
2024-11-22 05:00:00,2024-11-22,CP99_PinbarKeltnerBuy,BUY,2686.06,2700.367857142857,15.927610951426825,1519.5526076639483
2024-11-22 18:00:00,2024-11-22,CP99_Donchian3Buy,BUY,2705.06,2695.5471428571427,-7.597763038319794,1511.9548446256285
2024-11-25 01:00:00,2024-11-25,CP99_Donchian20Buy,BUY,2719.51,2708.1248571428573,-7.559774223128164,1504.3950704025003
2024-11-25 01:00:00,2024-11-25,CP99_GapDayEMAPullbackBuy,BUY,2719.51,2709.137142857143,-7.521975352012643,1496.8730950504878
2024-12-05 14:00:00,2024-12-05,CP99_GapDayEMAPullbackBuy,BUY,2653.15,2647.582142857143,-7.484365475252352,1489.3887295752354
2024-12-11 16:00:00,2024-12-11,CP99_Donchian5Buy,BUY,2706.27,2725.545,15.223922298328807,1504.6126518735641
2024-12-11 16:00:00,2024-12-11,CP99_Donchian7Buy,BUY,2706.27,2725.7285714285713,15.526006766037694,1520.1386586396018
2024-12-11 16:00:00,2024-12-11,CP99_Donchian10Buy,BUY,2706.27,2696.8414285714284,-7.600693293198139,1512.5379653464036
2024-12-11 16:00:00,2024-12-11,CP99_Donchian12Buy,BUY,2706.27,2696.8414285714284,-7.562689826732147,1504.9752755196714
2024-12-11 16:00:00,2024-12-11,CP99_Donchian15Buy,BUY,2706.27,2696.8414285714284,-7.524876377598486,1497.450399142073
2024-12-11 16:00:00,2024-12-11,CP99_Donchian3Buy,BUY,2706.27,2725.545,15.30632538668529,1512.7567245287582
2025-01-07 22:00:00,2025-01-07,CP99_GapDayEMAPullbackBuy,BUY,2650.28,2664.326,15.311639558278173,1528.0683640870363
2025-01-10 15:00:00,2025-01-10,CP99_GapDayEMAPullbackBuy,BUY,2682.41,2693.0135,15.287789498608783,1543.3561535856452
2025-01-10 18:00:00,2025-01-10,CP99_PinbarKeltnerBuy,BUY,2696.3,2688.8907142857142,-7.71678076792836,1535.6393728177168
2025-01-14 16:00:00,2025-01-14,CP99_GapDayLowerKeltnerBuy,BUY,2665.08,2677.176821428571,15.805820700329864,1551.4451935180466
2025-01-15 20:00:00,2025-01-15,CP99_PinbarKeltnerBuy,BUY,2693.93,2708.3525714285715,16.43900124340857,1567.884194761455
2025-01-15 20:00:00,2025-01-15,CP99_Donchian3Buy,BUY,2693.93,2707.697,15.858042817482021,1583.7422375789372
2025-01-15 23:00:00,2025-01-15,CP99_Donchian20Buy,BUY,2695.15,2709.631785714286,15.98048175772364,1599.722719336661
2025-01-20 13:00:00,2025-01-20,CP99_GapDayEMAPullbackBuy,BUY,2708.33,2702.0642857142857,-12.797781754693089,1586.924937581968
2025-01-20 18:00:00,2025-01-20,CP99_GapDayEMAPullbackBuy,BUY,2707.45,2720.296,16.008465810774815,1602.9334033927428
2025-01-21 17:00:00,2025-01-21,CP99_PinbarKeltnerBuy,BUY,2738.67,2753.721142857143,27.217060034593704,1630.1504634273365
2025-01-21 17:00:00,2025-01-21,CP99_Donchian5Buy,BUY,2738.67,2753.0370000000003,26.421047857602723,1656.571511284939
2025-01-21 17:00:00,2025-01-21,CP99_Donchian7Buy,BUY,2738.67,2753.1738285714287,27.104980582098758,1683.6764918670378
2025-01-21 17:00:00,2025-01-21,CP99_Donchian10Buy,BUY,2738.67,2753.3790714285715,27.938311759927537,1711.6148036269653
2025-01-21 17:00:00,2025-01-21,CP99_Donchian12Buy,BUY,2738.67,2753.5843142857143,28.798215603805644,1740.413019230771
2025-01-21 17:00:00,2025-01-21,CP99_Donchian15Buy,BUY,2738.67,2753.721142857143,29.55139965835891,1769.9644188891298
2025-01-21 17:00:00,2025-01-21,CP99_Donchian20Buy,BUY,2738.67,2754.405285714286,28.654764312757216,1798.619183201887
2025-01-21 17:00:00,2025-01-21,CP99_Donchian3Buy,BUY,2738.67,2753.0370000000003,29.151544340923735,1827.7707275428106
2025-01-30 07:00:00,2025-01-30,CP99_GapDayEMAPullbackBuy,BUY,2760.43,2771.5660000000003,36.655102586421314,1864.4258301292318
2025-01-30 16:00:00,2025-01-30,CP99_PinbarKeltnerBuy,BUY,2787.65,2798.3781428571433,39.01707860254084,1903.4429087317726
2025-01-30 16:00:00,2025-01-30,CP99_Donchian5Buy,BUY,2787.65,2797.8905000000004,38.0229761036859,1941.4658848354586
2025-01-30 16:00:00,2025-01-30,CP99_Donchian7Buy,BUY,2787.65,2797.988028571429,39.151876414987164,1980.6177612504457
2025-01-30 16:00:00,2025-01-30,CP99_Donchian10Buy,BUY,2787.65,2798.1343214285716,40.50662746345559,2021.1243887139012
2025-01-30 16:00:00,2025-01-30,CP99_Donchian12Buy,BUY,2787.65,2798.2806142857144,41.91181736075542,2063.0362060746565
2025-01-30 16:00:00,2025-01-30,CP99_Donchian15Buy,BUY,2787.65,2798.3781428571433,43.17342342694487,2106.2096295016013
2025-01-30 16:00:00,2025-01-30,CP99_Donchian20Buy,BUY,2787.65,2798.865785714286,42.077832771477,2148.2874622730783
2025-01-30 16:00:00,2025-01-30,CP99_Donchian3Buy,BUY,2787.65,2797.8905000000004,42.913965250621544,2191.2014275236997
2025-02-03 15:00:00,2025-02-03,CP99_PinbarKeltnerBuy,BUY,2810.88,2827.6235714285717,46.67328728994414,2237.874714813644
2025-02-03 15:00:00,2025-02-03,CP99_Donchian5Buy,BUY,2810.88,2826.8625,45.50074119156096,2283.375456005205
2025-02-03 15:00:00,2025-02-03,CP99_Donchian7Buy,BUY,2810.88,2827.0147142857145,46.86801892368868,2330.2434749288936
2025-02-03 15:00:00,2025-02-03,CP99_Donchian10Buy,BUY,2810.88,2827.2430357142857,48.506860594765485,2378.750335523659
2025-02-03 15:00:00,2025-02-03,CP99_Donchian12Buy,BUY,2810.88,2827.4713571428574,50.20751923535706,2428.9578547590163
2025-02-03 15:00:00,2025-02-03,CP99_Donchian15Buy,BUY,2810.88,2827.6235714285717,51.737574805458095,2480.6954295644746
2025-02-03 15:00:00,2025-02-03,CP99_Donchian3Buy,BUY,2810.88,2826.8625,50.4378015304135,2531.1332310948883
2025-02-06 03:00:00,2025-02-06,CP99_Donchian5Buy,BUY,2871.48,2863.057142857143,-25.31133231094869,2505.8218987839396
2025-02-06 03:00:00,2025-02-06,CP99_Donchian3Buy,BUY,2871.48,2863.057142857143,-25.0582189878392,2480.7636797961004
2025-02-21 20:00:00,2025-02-21,CP99_Donchian5Buy,BUY,2941.78,2933.492142857143,-24.807636797961397,2455.956042998139
2025-02-21 20:00:00,2025-02-21,CP99_Donchian7Buy,BUY,2941.78,2933.492142857143,-24.559560429981772,2431.396482568157
2025-02-21 20:00:00,2025-02-21,CP99_Donchian10Buy,BUY,2941.78,2933.492142857143,-24.31396482568195,2407.082517742475
2025-02-21 20:00:00,2025-02-21,CP99_Donchian12Buy,BUY,2941.78,2933.492142857143,-24.070825177425128,2383.01169256505
2025-02-21 20:00:00,2025-02-21,CP99_Donchian15Buy,BUY,2941.78,2933.492142857143,-23.830116925650874,2359.181575639399
2025-02-21 20:00:00,2025-02-21,CP99_Donchian3Buy,BUY,2941.78,2933.492142857143,-23.591815756394357,2335.5897598830047
2025-02-21 23:00:00,2025-02-21,CP99_GapDayEMAPullbackBuy,BUY,2934.75,2926.41,-11.677948799415205,2323.9118110835893
2025-02-24 05:00:00,2025-02-24,CP99_Donchian5Buy,BUY,2940.92,2932.025,-11.619559055417861,2312.2922520281713
2025-02-24 05:00:00,2025-02-24,CP99_Donchian3Buy,BUY,2940.92,2932.025,-11.561461260140772,2300.7307907680306
2025-03-14 03:00:00,2025-03-14,CP99_PinbarKeltnerBuy,BUY,2987.81,2979.3157142857144,-11.503653953839844,2289.2271368141905
2025-03-27 13:00:00,2025-03-27,CP99_PinbarKeltnerBuy,BUY,3054.5,3047.7092857142857,-11.446135684071061,2277.7810011301194
2025-03-28 15:00:00,2025-03-28,CP99_Donchian5Buy,BUY,3083.08,3074.1471428571426,-11.388905005650804,2266.3920961244685
2025-03-28 15:00:00,2025-03-28,CP99_Donchian3Buy,BUY,3083.08,3074.1471428571426,-11.331960480622547,2255.060135643846
2025-03-31 08:00:00,2025-03-31,CP99_Donchian20Buy,BUY,3116.51,3105.4383571428575,-11.275300678219109,2243.784834965627
2025-03-31 09:00:00,2025-03-31,CP99_PinbarKeltnerBuy,BUY,3119.26,3109.4557142857147,-11.218924174827912,2232.565910790799
2025-04-02 23:00:00,2025-04-02,CP99_GapDayEMAPullbackBuy,BUY,3141.02,3128.405714285714,-11.162829553954138,2221.403081236845
2025-04-15 10:00:00,2025-04-15,CP99_GapDayEMAPullbackBuy,BUY,3225.5,3217.5792857142856,-11.107015406184363,2210.2960658306606
2025-04-16 09:00:00,2025-04-16,CP99_PinbarKeltnerBuy,BUY,3291.74,3315.619428571428,23.76587219734915,2234.0619380280095
2025-04-16 11:00:00,2025-04-16,CP99_PinbarKeltnerBuy,BUY,3306.9,3294.0550000000003,-11.170309690139934,2222.8916283378694
2025-04-16 11:00:00,2025-04-16,CP99_Donchian5Buy,BUY,3306.9,3294.0550000000003,-11.114458141689235,2211.77717019618
2025-04-16 11:00:00,2025-04-16,CP99_Donchian7Buy,BUY,3306.9,3294.0550000000003,-11.05888585098079,2200.718284345199
2025-04-16 11:00:00,2025-04-16,CP99_Donchian10Buy,BUY,3306.9,3294.0550000000003,-11.003591421725885,2189.714692923473
2025-04-16 11:00:00,2025-04-16,CP99_Donchian12Buy,BUY,3306.9,3294.0550000000003,-10.948573464617256,2178.766119458856
2025-04-16 11:00:00,2025-04-16,CP99_Donchian15Buy,BUY,3306.9,3294.0550000000003,-10.89383059729417,2167.8722888615616
2025-04-16 11:00:00,2025-04-16,CP99_Donchian20Buy,BUY,3306.9,3335.8685,22.26240150302612,2190.1346903645876
2025-04-16 11:00:00,2025-04-16,CP99_Donchian3Buy,BUY,3306.9,3294.0550000000003,-10.950673451822828,2179.184016912765
2025-04-16 14:00:00,2025-04-16,CP99_PinbarKeltnerBuy,BUY,3306.65,3337.740714285714,23.554343855019045,2202.738360767784
2025-04-16 15:00:00,2025-04-16,CP99_PinbarKeltnerBuy,BUY,3307.23,3338.048857142857,23.805287648790348,2226.5436484165743
2025-04-16 16:00:00,2025-04-16,CP99_PinbarKeltnerBuy,BUY,3311.56,3343.3641428571427,24.07563193469011,2250.6192803512645
2025-04-16 19:00:00,2025-04-16,CP99_PinbarKeltnerBuy,BUY,3327.22,3312.2364285714284,-11.253096401756345,2239.366183949508
2025-04-16 20:00:00,2025-04-16,CP99_PinbarKeltnerBuy,BUY,3328.06,3313.5871428571427,-11.196830919747692,2228.1693530297603
2025-05-06 16:00:00,2025-05-06,CP99_PinbarKeltnerBuy,BUY,3391.6,3428.6291428571426,24.151141966326247,2252.3204949960864
2025-05-23 18:00:00,2025-05-23,CP99_PinbarKeltnerBuy,BUY,3361.78,3347.815,-11.261602474980561,2241.058892521106
2025-06-12 09:00:00,2025-06-12,CP99_PinbarKeltnerBuy,BUY,3374.9,3364.069285714286,-11.205294462605696,2229.8535980585
2025-06-12 16:00:00,2025-06-12,CP99_PinbarKeltnerBuy,BUY,3391.9,3422.737714285714,24.098584013782812,2253.952182072283
2025-06-12 16:00:00,2025-06-12,CP99_Donchian5Buy,BUY,3391.9,3421.336,23.25179508462786,2277.2039771569107
2025-06-12 16:00:00,2025-06-12,CP99_Donchian7Buy,BUY,3391.9,3421.6163428571426,23.71539095754016,2300.9193681144507
2025-06-12 16:00:00,2025-06-12,CP99_Donchian10Buy,BUY,3391.9,3422.036857142857,24.301459300024543,2325.220827414475
2025-06-12 16:00:00,2025-06-12,CP99_Donchian12Buy,BUY,3391.9,3422.457371428571,24.900793798802344,2350.121621213277
2025-06-12 16:00:00,2025-06-12,CP99_Donchian15Buy,BUY,3391.9,3422.737714285714,25.39835053777814,2375.5199717510554
2025-06-12 16:00:00,2025-06-12,CP99_Donchian20Buy,BUY,3391.9,3424.139428571428,24.438734028595743,2399.958705779651
2025-06-12 16:00:00,2025-06-12,CP99_Donchian3Buy,BUY,3391.9,3421.336,24.757999962116124,2424.7167057417673
2025-06-18 05:00:00,2025-06-18,CP99_GapDayLowerKeltnerBuy,BUY,3379.28,3369.1007142857147,-24.247167057417208,2400.46953868435
2025-07-04 10:00:00,2025-07-04,CP99_GapDayEMAPullbackBuy,BUY,3342.75,3337.070714285714,-12.002347693422024,2388.467190990928
2025-07-04 13:00:00,2025-07-04,CP99_GapDayEMAPullbackBuy,BUY,3336.7,3330.3549999999996,-11.942335954955006,2376.524855035973
2025-07-17 04:00:00,2025-07-17,CP99_GapDayEMAPullbackBuy,BUY,3343.82,3331.8978571428574,-11.882624275179703,2364.642230760793
2025-07-21 16:00:00,2025-07-21,CP99_PinbarKeltnerBuy,BUY,3388.46,3405.0275714285717,25.17531014670179,2389.8175409074947
2025-07-22 18:00:00,2025-07-22,CP99_PinbarKeltnerBuy,BUY,3426.4,3418.36,-11.949087704537522,2377.8684532029574
2025-08-07 17:00:00,2025-08-07,CP99_GapDayEMAPullbackBuy,BUY,3387.75,3376.5864285714288,-11.889342266014616,2365.979110936943
2025-08-26 10:00:00,2025-08-26,CP99_GapDayEMAPullbackBuy,BUY,3376.67,3367.7357142857145,-11.829895554684585,2354.1492153822583
2025-08-28 22:00:00,2025-08-28,CP99_PinbarKeltnerBuy,BUY,3421.87,3414.3114285714287,-11.77074607691099,2342.378469305347
2025-08-28 22:00:00,2025-08-28,CP99_Donchian5Buy,BUY,3421.87,3414.3114285714287,-11.711892346526437,2330.6665769588208
2025-08-28 22:00:00,2025-08-28,CP99_Donchian7Buy,BUY,3421.87,3414.3114285714287,-11.653332884793803,2319.013244074027
2025-08-28 22:00:00,2025-08-28,CP99_Donchian10Buy,BUY,3421.87,3414.3114285714287,-11.595066220369837,2307.418177853657
2025-08-28 22:00:00,2025-08-28,CP99_Donchian12Buy,BUY,3421.87,3414.3114285714287,-11.53709088926799,2295.8810869643894
2025-08-28 22:00:00,2025-08-28,CP99_Donchian15Buy,BUY,3421.87,3414.3114285714287,-11.47940543482165,2284.4016815295677
2025-08-28 22:00:00,2025-08-28,CP99_Donchian20Buy,BUY,3421.87,3413.580571428571,-11.422008407648109,2272.9796731219194
2025-08-28 22:00:00,2025-08-28,CP99_Donchian3Buy,BUY,3421.87,3414.3114285714287,-11.364898365609305,2261.61477475631
2025-08-29 19:00:00,2025-08-29,CP99_PinbarKeltnerBuy,BUY,3448.95,3441.7585714285715,-11.308073873781193,2250.3067008825287
2025-08-29 19:00:00,2025-08-29,CP99_Donchian5Buy,BUY,3448.95,3441.7585714285715,-11.251533504412286,2239.0551673781165
2025-08-29 19:00:00,2025-08-29,CP99_Donchian7Buy,BUY,3448.95,3441.7585714285715,-11.195275836890229,2227.8598915412263
2025-08-29 19:00:00,2025-08-29,CP99_Donchian10Buy,BUY,3448.95,3441.7585714285715,-11.13929945770578,2216.7205920835204
2025-08-29 19:00:00,2025-08-29,CP99_Donchian12Buy,BUY,3448.95,3441.7585714285715,-11.083602960417252,2205.636989123103
2025-08-29 19:00:00,2025-08-29,CP99_Donchian15Buy,BUY,3448.95,3441.7585714285715,-11.028184945615166,2194.608804177488
2025-08-29 19:00:00,2025-08-29,CP99_Donchian20Buy,BUY,3448.95,3441.0644285714284,-10.97304402088747,2183.6357601566006
2025-08-29 19:00:00,2025-08-29,CP99_Donchian3Buy,BUY,3448.95,3441.7585714285715,-10.918178800782657,2172.717581355818
2025-09-02 14:00:00,2025-09-02,CP99_Donchian3Buy,BUY,3489.59,3479.0764285714286,-10.863587906779292,2161.8539934490386
2025-09-02 20:00:00,2025-09-02,CP99_PinbarKeltnerBuy,BUY,3529.23,3555.6048571428573,23.29462657211028,2185.148620021149
2025-09-02 20:00:00,2025-09-02,CP99_Donchian5Buy,BUY,3529.23,3554.406,22.475377121720893,2207.62399714287
2025-09-02 20:00:00,2025-09-02,CP99_Donchian7Buy,BUY,3529.23,3554.6457714285716,22.922800769306,2230.546797912176
2025-09-02 20:00:00,2025-09-02,CP99_Donchian10Buy,BUY,3529.23,3555.0054285714286,23.48856645580124,2254.0353643679773
2025-09-02 20:00:00,2025-09-02,CP99_Donchian12Buy,BUY,3529.23,3555.3650857142857,24.06710938225265,2278.10247375023
2025-09-02 20:00:00,2025-09-02,CP99_Donchian15Buy,BUY,3529.23,3555.6048571428573,24.547238888389447,2302.6497126386193
2025-09-02 20:00:00,2025-09-02,CP99_Donchian20Buy,BUY,3529.23,3556.8037142857142,23.625281034565205,2326.2749936731843
2025-09-02 20:00:00,2025-09-02,CP99_Donchian3Buy,BUY,3529.23,3554.406,23.92693443941935,2350.2019281126036
2025-09-03 04:00:00,2025-09-03,CP99_PinbarKeltnerBuy,BUY,3538.64,3564.9818571428573,25.32348414249227,2375.525412255096
2025-09-05 20:00:00,2025-09-05,CP99_PinbarKeltnerBuy,BUY,3596.36,3584.4164285714287,-11.877627061275511,2363.6477851938203
2025-09-17 20:00:00,2025-09-17,CP99_GapDayEMAPullbackBuy,BUY,3686.26,3677.8007142857145,-11.818238925969009,2351.829546267851
2025-09-22 17:00:00,2025-09-22,CP99_PinbarKeltnerBuy,BUY,3725.71,3748.051,25.24854584006229,2377.0780921079136
2025-09-22 19:00:00,2025-09-22,CP99_PinbarKeltnerBuy,BUY,3736.96,3759.178428571429,25.516224624712127,2402.594316732626
2025-09-22 19:00:00,2025-09-22,CP99_Donchian5Buy,BUY,3736.96,3758.1685,24.61784463834416,2427.21216137097
2025-09-22 19:00:00,2025-09-22,CP99_Donchian7Buy,BUY,3736.96,3758.3704857142857,25.106945900062996,2452.319107271033
2025-09-22 19:00:00,2025-09-22,CP99_Donchian10Buy,BUY,3736.96,3758.6734642857145,25.725612773161156,2478.044720044194
2025-09-22 19:00:00,2025-09-22,CP99_Donchian12Buy,BUY,3736.96,3758.976442857143,26.358210355033613,2504.4029303992274
2025-09-22 19:00:00,2025-09-22,CP99_Donchian15Buy,BUY,3736.96,3759.178428571429,26.882965239979566,2531.285895639207
2025-09-22 19:00:00,2025-09-22,CP99_Donchian20Buy,BUY,3736.96,3760.1883571428575,25.881021052895715,2557.166916692103
2025-09-22 19:00:00,2025-09-22,CP99_Donchian3Buy,BUY,3736.96,3758.1685,26.201651036555493,2583.3685677286585
2025-09-22 21:00:00,2025-09-22,CP99_Donchian20Buy,BUY,3747.5,3770.100785714286,52.79481175012053,2636.163379478779
2025-09-23 15:00:00,2025-09-23,CP99_PinbarKeltnerBuy,BUY,3784.18,3772.9757142857143,-26.361633794787487,2609.8017456839916
2025-09-29 18:00:00,2025-09-29,CP99_PinbarKeltnerBuy,BUY,3830.27,3861.4235714285714,56.41958024188734,2666.221325925879
2025-10-06 11:00:00,2025-10-06,CP99_PinbarKeltnerBuy,BUY,3942.45,3929.351428571428,-26.66221325925912,2639.5591126666195
2025-10-06 18:00:00,2025-10-06,CP99_PinbarKeltnerBuy,BUY,3962.39,3948.3771428571426,-26.395591126666258,2613.1635215399533
2025-10-06 18:00:00,2025-10-06,CP99_Donchian5Buy,BUY,3962.39,3948.3771428571426,-26.131635215399594,2587.031886324554
2025-10-06 18:00:00,2025-10-06,CP99_Donchian7Buy,BUY,3962.39,3948.3771428571426,-25.8703188632456,2561.161567461308
2025-10-06 18:00:00,2025-10-06,CP99_Donchian10Buy,BUY,3962.39,3948.3771428571426,-25.61161567461314,2535.549951786695
2025-10-06 18:00:00,2025-10-06,CP99_Donchian12Buy,BUY,3962.39,3948.3771428571426,-25.35549951786701,2510.194452268828
2025-10-06 18:00:00,2025-10-06,CP99_Donchian15Buy,BUY,3962.39,3948.3771428571426,-25.10194452268834,2485.0925077461397
2025-10-06 18:00:00,2025-10-06,CP99_Donchian20Buy,BUY,3962.39,3947.000857142857,-24.85092507746123,2460.2415826686783
2025-10-06 18:00:00,2025-10-06,CP99_Donchian3Buy,BUY,3962.39,3948.3771428571426,-24.60241582668684,2435.6391668419915
2025-10-13 04:00:00,2025-10-13,CP99_PinbarKeltnerBuy,BUY,4052.75,4106.224142857143,26.519270987903525,2462.158437829895
2025-11-12 19:00:00,2025-11-12,CP99_PinbarKeltnerBuy,BUY,4199.21,4182.9064285714285,-12.31079218914967,2449.847645640745
2025-11-12 19:00:00,2025-11-12,CP99_Donchian5Buy,BUY,4199.21,4182.9064285714285,-12.249238228203922,2437.5984074125413
2025-11-12 19:00:00,2025-11-12,CP99_Donchian7Buy,BUY,4199.21,4182.9064285714285,-12.187992037062902,2425.4104153754784
2025-11-12 19:00:00,2025-11-12,CP99_Donchian10Buy,BUY,4199.21,4182.9064285714285,-12.127052076877584,2413.2833632986008
2025-11-12 19:00:00,2025-11-12,CP99_Donchian12Buy,BUY,4199.21,4182.9064285714285,-12.066416816493195,2401.2169464821077
2025-11-12 19:00:00,2025-11-12,CP99_Donchian15Buy,BUY,4199.21,4182.9064285714285,-12.00608473241073,2389.210861749697
2025-11-12 19:00:00,2025-11-12,CP99_Donchian20Buy,BUY,4199.21,4181.301071428572,-11.94605430874825,2377.2648074409485
2025-11-12 19:00:00,2025-11-12,CP99_Donchian3Buy,BUY,4199.21,4182.9064285714285,-11.886324037204933,2365.3784834037438
2025-11-12 20:00:00,2025-11-12,CP99_PinbarKeltnerBuy,BUY,4206.77,4189.615000000001,-11.826892417018628,2353.551590986725
2025-11-12 20:00:00,2025-11-12,CP99_Donchian5Buy,BUY,4206.77,4189.615000000001,-11.767757954933534,2341.7838330317913
2025-11-12 20:00:00,2025-11-12,CP99_Donchian7Buy,BUY,4206.77,4189.615000000001,-11.708919165158868,2330.0749138666324
2025-11-12 20:00:00,2025-11-12,CP99_Donchian10Buy,BUY,4206.77,4189.615000000001,-11.650374569333074,2318.4245392972994
2025-11-12 20:00:00,2025-11-12,CP99_Donchian12Buy,BUY,4206.77,4189.615000000001,-11.59212269648641,2306.832416600813
2025-11-12 20:00:00,2025-11-12,CP99_Donchian15Buy,BUY,4206.77,4189.615000000001,-11.534162083003977,2295.298254517809
2025-11-12 20:00:00,2025-11-12,CP99_Donchian20Buy,BUY,4206.77,4187.924500000001,-11.476491272588788,2283.82176324522
2025-11-12 20:00:00,2025-11-12,CP99_Donchian3Buy,BUY,4206.77,4189.615000000001,-11.419108816226014,2272.402654428994
2025-11-26 03:00:00,2025-11-26,CP99_Donchian5Buy,BUY,4148.25,4182.063,23.495424457428744,2295.898078886423
2025-11-26 03:00:00,2025-11-26,CP99_Donchian3Buy,BUY,4148.25,4182.063,23.738354542622407,2319.636433429045
2025-11-28 17:00:00,2025-11-28,CP99_PinbarKeltnerBuy,BUY,4203.67,4235.071857142857,25.07678371815928,2344.7132171472044
2025-11-28 18:00:00,2025-11-28,CP99_PinbarKeltnerBuy,BUY,4206.25,4238.761285714286,25.362778137988702,2370.075995285193
2025-12-10 06:00:00,2025-12-10,CP99_GapDayEMAPullbackBuy,BUY,4206.89,4196.055714285714,-11.850379976426392,2358.225615308767
2025-12-11 03:00:00,2025-12-11,CP99_PinbarKeltnerBuy,BUY,4238.19,4223.977142857142,-11.791128076544105,2346.4344872322226
2025-12-17 10:00:00,2025-12-17,CP99_GapDayEMAPullbackBuy,BUY,4318.97,4345.097000000001,24.15224318636963,2370.586730418592
2025-12-17 18:00:00,2025-12-17,CP99_GapDayEMAPullbackBuy,BUY,4333.39,4318.421428571429,-11.85293365209291,2358.7337967664994
2025-12-19 16:00:00,2025-12-19,CP99_GapDayEMAPullbackBuy,BUY,4332.21,4353.8235,24.17937871230403,2382.9131754788036
2025-12-22 04:00:00,2025-12-22,CP99_Donchian20Buy,BUY,4385.86,4413.6867142857145,24.45292378552028,2407.366099264324
2025-12-23 04:00:00,2025-12-23,CP99_PinbarKeltnerBuy,BUY,4493.23,4479.474999999999,-12.036830496321679,2395.3292687680023
2025-12-23 04:00:00,2025-12-23,CP99_Donchian5Buy,BUY,4493.23,4479.474999999999,-11.976646343840068,2383.3526224241623
2025-12-23 04:00:00,2025-12-23,CP99_Donchian7Buy,BUY,4493.23,4479.474999999999,-11.916763112120869,2371.4358593120414
2025-12-23 04:00:00,2025-12-23,CP99_Donchian10Buy,BUY,4493.23,4479.474999999999,-11.857179296560265,2359.578680015481
2025-12-23 04:00:00,2025-12-23,CP99_Donchian12Buy,BUY,4493.23,4479.474999999999,-11.797893400077463,2347.7807866154035
2025-12-23 04:00:00,2025-12-23,CP99_Donchian15Buy,BUY,4493.23,4479.474999999999,-11.738903933077072,2336.0418826823266
2025-12-23 04:00:00,2025-12-23,CP99_Donchian20Buy,BUY,4493.23,4478.1245,-11.680209413411337,2324.361673268915
2025-12-23 04:00:00,2025-12-23,CP99_Donchian3Buy,BUY,4493.23,4479.474999999999,-11.621808366344633,2312.7398649025704
2025-12-26 08:00:00,2025-12-26,CP99_Donchian5Buy,BUY,4511.53,4549.0255,23.948450042655214,2336.6883149452256
2025-12-26 08:00:00,2025-12-26,CP99_Donchian7Buy,BUY,4511.53,4549.3826,24.42687879323288,2361.1151937384584
2025-12-26 08:00:00,2025-12-26,CP99_Donchian10Buy,BUY,4511.53,4549.91825,25.031505201886368,2386.146698940345
2025-12-26 08:00:00,2025-12-26,CP99_Donchian12Buy,BUY,4511.53,4493.425,-11.930733494701467,2374.215965445643
2025-12-26 08:00:00,2025-12-26,CP99_Donchian15Buy,BUY,4511.53,4493.425,-11.87107982722796,2362.344885618415
2025-12-26 08:00:00,2025-12-26,CP99_Donchian3Buy,BUY,4511.53,4549.0255,24.46211064863449,2386.8069962670493
2026-01-09 03:00:00,2026-01-09,CP99_GapDayEMAPullbackBuy,BUY,4468.68,4503.276,24.686846497820962,2411.4938427648704
2026-01-09 07:00:00,2026-01-09,CP99_GapDayEMAPullbackBuy,BUY,4467.98,4497.437,24.877307328610883,2436.3711500934814
2026-01-20 19:00:00,2026-01-20,CP99_PinbarKeltnerBuy,BUY,4758.9,4797.773999999999,26.426197569401364,2462.7973476628827
2026-01-20 19:00:00,2026-01-20,CP99_Donchian5Buy,BUY,4758.9,4796.007,25.498610820236458,2488.295958483119
2026-01-20 19:00:00,2026-01-20,CP99_Donchian7Buy,BUY,4758.9,4796.3604,26.0079692865965,2514.3039277697158
2026-01-20 19:00:00,2026-01-20,CP99_Donchian10Buy,BUY,4758.9,4796.8904999999995,26.6516917879286,2540.9556195576442
2026-01-20 19:00:00,2026-01-20,CP99_Donchian12Buy,BUY,4758.9,4797.4205999999995,27.310026517503566,2568.2656460751477
2026-01-20 19:00:00,2026-01-20,CP99_Donchian15Buy,BUY,4758.9,4797.773999999999,27.856796519398944,2596.1224425945466
2026-01-20 19:00:00,2026-01-20,CP99_Donchian20Buy,BUY,4758.9,4799.540999999999,26.796620152761996,2622.9190627473085
2026-01-20 19:00:00,2026-01-20,CP99_Donchian3Buy,BUY,4758.9,4796.007,27.156433499264878,2650.0754962465735
2026-01-21 04:00:00,2026-01-21,CP99_PinbarKeltnerBuy,BUY,4836.23,4882.893571428572,57.62249362432821,2707.697989870902
2026-01-21 05:00:00,2026-01-21,CP99_PinbarKeltnerBuy,BUY,4844.73,4822.279285714285,-27.076979898709332,2680.6210099721925
2026-01-21 05:00:00,2026-01-21,CP99_Donchian5Buy,BUY,4844.73,4822.279285714285,-26.806210099722236,2653.8147998724703
2026-01-21 05:00:00,2026-01-21,CP99_Donchian7Buy,BUY,4844.73,4822.279285714285,-26.538147998725012,2627.2766518737453
2026-01-21 05:00:00,2026-01-21,CP99_Donchian10Buy,BUY,4844.73,4822.279285714285,-26.272766518737757,2601.0038853550077
2026-01-21 05:00:00,2026-01-21,CP99_Donchian12Buy,BUY,4844.73,4822.279285714285,-26.010038853550377,2574.9938465014575
2026-01-21 05:00:00,2026-01-21,CP99_Donchian15Buy,BUY,4844.73,4822.279285714285,-25.749938465014875,2549.2439080364425
2026-01-21 05:00:00,2026-01-21,CP99_Donchian20Buy,BUY,4844.73,4820.059214285714,-25.49243908036415,2523.7514689560785
2026-01-21 05:00:00,2026-01-21,CP99_Donchian3Buy,BUY,4844.73,4822.279285714285,-25.237514689561078,2498.5139542665174
2026-01-21 07:00:00,2026-01-21,CP99_PinbarKeltnerBuy,BUY,4869.87,4846.935714285714,-12.492569771332482,2486.021384495185
2026-01-26 02:00:00,2026-01-26,CP99_PinbarKeltnerBuy,BUY,5041.57,5094.258428571428,27.0637244608203,2513.085108956005
2026-01-26 02:00:00,2026-01-26,CP99_Donchian5Buy,BUY,5041.57,5091.8634999999995,26.114788556065648,2539.199897512071
2026-01-26 02:00:00,2026-01-26,CP99_Donchian7Buy,BUY,5041.57,5092.342485714285,26.63745782505481,2565.8373553371257
2026-01-26 02:00:00,2026-01-26,CP99_Donchian10Buy,BUY,5041.57,5093.060964285714,27.297797378503365,2593.135152715629
2026-01-26 02:00:00,2026-01-26,CP99_Donchian12Buy,BUY,5041.57,5093.779442857142,27.97316895527856,2621.1083216709076
2026-01-26 02:00:00,2026-01-26,CP99_Donchian15Buy,BUY,5041.57,5094.258428571428,28.534329528331522,2649.642651199239
2026-01-26 02:00:00,2026-01-26,CP99_Donchian20Buy,BUY,5041.57,5096.653357142857,27.440406941324195,2677.083058140563
2026-01-26 02:00:00,2026-01-26,CP99_Donchian3Buy,BUY,5041.57,5091.8634999999995,27.818977463683776,2704.902035604247
2026-01-26 08:00:00,2026-01-26,CP99_PinbarKeltnerBuy,BUY,5077.47,5049.082857142857,-27.04902035604241,2677.8530152482044
2026-01-28 05:00:00,2026-01-28,CP99_PinbarKeltnerBuy,BUY,5234.86,5304.554428571428,58.45149101237104,2736.3045062605756
2026-01-28 05:00:00,2026-01-28,CP99_Donchian5Buy,BUY,5234.86,5301.3865,57.01247543232647,2793.316981692902
2026-01-28 05:00:00,2026-01-28,CP99_Donchian7Buy,BUY,5234.86,5302.020085714285,58.75465226387156,2852.071633956774
2026-01-28 05:00:00,2026-01-28,CP99_Donchian10Buy,BUY,5234.86,5302.970464285714,60.83942024359139,2912.9110542003655
2026-01-28 05:00:00,2026-01-28,CP99_Donchian12Buy,BUY,5234.86,5303.920842857142,63.00425708582594,2975.9153112861914
2026-01-28 05:00:00,2026-01-28,CP99_Donchian15Buy,BUY,5234.86,5304.554428571428,64.95751860939963,3040.872829895591
2026-01-28 05:00:00,2026-01-28,CP99_Donchian20Buy,BUY,5234.86,5307.722357142857,63.12898805990079,3104.001817955492
2026-01-28 05:00:00,2026-01-28,CP99_Donchian3Buy,BUY,5234.86,5301.3865,64.67366003425052,3168.6754779897424
2026-01-28 10:00:00,2026-01-28,CP99_Donchian20Buy,BUY,5293.54,5259.861785714285,-38.024105735877356,3130.651372253865
2026-01-29 02:00:00,2026-01-29,CP99_PinbarKeltnerBuy,BUY,5520.19,5466.619285714285,-37.56781646704656,3093.083555786818
2026-01-29 03:00:00,2026-01-29,CP99_PinbarKeltnerBuy,BUY,5545.46,5485.469285714285,-37.117002669442016,3055.966553117376
2026-02-20 14:00:00,2026-02-20,CP99_GapDayEMAPullbackBuy,BUY,5025.12,5005.956428571429,-36.6715986374079,3019.294954479968
2026-02-20 19:00:00,2026-02-20,CP99_PinbarKeltnerBuy,BUY,5072.86,5127.894571428571,78.92067580145441,3098.2156302814224
2026-02-20 19:00:00,2026-02-20,CP99_Donchian5Buy,BUY,5072.86,5125.393,77.3024945339155,3175.518124815338
2026-02-20 19:00:00,2026-02-20,CP99_Donchian7Buy,BUY,5072.86,5125.893314285714,79.98582529457414,3255.5039501099122
2026-02-20 19:00:00,2026-02-20,CP99_Donchian10Buy,BUY,5072.86,5126.6437857142855,83.16091515863785,3338.66486526855
2026-02-20 19:00:00,2026-02-20,CP99_Donchian12Buy,BUY,5072.86,5127.394257142857,86.47526345819153,3425.1401287267413
2026-02-20 19:00:00,2026-02-20,CP99_Donchian15Buy,BUY,5072.86,5127.894571428571,89.52897207763954,3514.669100804381
2026-02-20 19:00:00,2026-02-20,CP99_Donchian20Buy,BUY,5072.86,5130.396142857143,87.39226681076546,3602.061367615146
2026-02-20 19:00:00,2026-02-20,CP99_Donchian3Buy,BUY,5072.86,5125.393,89.87377329692367,3691.93514091207
2026-02-25 13:00:00,2026-02-25,CP99_GapDayEMAPullbackBuy,BUY,5181.33,5158.384285714285,-44.303221690945215,3647.631919221125
2026-02-25 16:00:00,2026-02-25,CP99_GapDayEMAPullbackBuy,BUY,5190.95,5169.430714285714,-43.771583030653105,3603.860336190472
2026-03-12 14:00:00,2026-03-12,CP99_GapDayEMAPullbackBuy,BUY,5181.23,5161.312142857142,-43.24632403428651,3560.6140121561857
2026-04-06 10:00:00,2026-04-06,CP99_GapDayEMAPullbackBuy,BUY,4684.28,4653.199285714286,-42.72736814587379,3517.886644010312
2026-04-06 16:00:00,2026-04-06,CP99_GapDayEMAPullbackBuy,BUY,4679.98,4654.663571428571,-42.214639728123416,3475.6720042821885
2026-04-08 02:00:00,2026-04-08,CP99_PinbarKeltnerBuy,BUY,4833.3,4793.9800000000005,-17.378360021410796,3458.293644260778
2026-04-08 02:00:00,2026-04-08,CP99_Donchian5Buy,BUY,4833.3,4793.9800000000005,-17.291468221303745,3441.0021760394743
2026-04-08 02:00:00,2026-04-08,CP99_Donchian7Buy,BUY,4833.3,4793.9800000000005,-17.205010880197225,3423.797165159277
2026-04-08 02:00:00,2026-04-08,CP99_Donchian10Buy,BUY,4833.3,4793.9800000000005,-17.118985825796244,3406.678179333481
2026-04-08 02:00:00,2026-04-08,CP99_Donchian12Buy,BUY,4833.3,4793.9800000000005,-17.033390896667264,3389.6447884368135
2026-04-08 02:00:00,2026-04-08,CP99_Donchian15Buy,BUY,4833.3,4793.9800000000005,-16.94822394218393,3372.6965644946295
2026-04-08 02:00:00,2026-04-08,CP99_Donchian20Buy,BUY,4833.3,4790.073,-16.86348282247308,3355.8330816721564
2026-04-08 02:00:00,2026-04-08,CP99_Donchian3Buy,BUY,4833.3,4793.9800000000005,-16.779165408360644,3339.0539162637956
2026-04-10 19:00:00,2026-04-10,CP99_GapDayEMAPullbackBuy,BUY,4763.75,4744.032857142857,-16.69526958131892,3322.358646682477
2026-04-16 09:00:00,2026-04-16,CP99_GapDayEMAPullbackBuy,BUY,4825.9,4810.942857142857,-16.61179323341217,3305.7468534490645
2026-05-07 15:00:00,2026-05-07,CP99_PinbarKeltnerBuy,BUY,4749.92,4730.52,-16.52873426724499,3289.2181191818195
2026-05-07 15:00:00,2026-05-07,CP99_Donchian3Buy,BUY,4749.92,4730.52,-16.446090595908768,3272.772028585911
2026-05-12 05:00:00,2026-05-12,CP99_GapDayEMAPullbackBuy,BUY,4729.8,4707.961428571429,-16.363860142929507,3256.4081684429816
2026-06-17 17:00:00,2026-06-17,CP99_GapDayEMAPullbackBuy,BUY,4344.28,4374.165999999999,33.60200757889915,3290.010176021881
