time,datetime_str,open,high,low,close,tick_volume,spread,real_volume
991526400,2001-06-03 00:00:00,266.5,275.5,264.25,274.0,3375,0,0
992131200,2001-06-10 00:00:00,273.0,277.4,266.1,271.8,5055,0,0
992736000,2001-06-17 00:00:00,271.0,276.2,270.6,272.9,3610,0,0
993340800,2001-06-24 00:00:00,272.3,279.55,267.3,271.1,4775,0,0
993945600,2001-07-01 00:00:00,270.6,272.5,264.15,266.5,3285,0,0
994550400,2001-07-08 00:00:00,266.5,270.35,265.1,267.6,2760,0,0
995155200,2001-07-15 00:00:00,266.95,272.35,266.25,270.3,3010,0,0
995760000,2001-07-22 00:00:00,270.15,270.8,265.0,267.8,2560,0,0
996364800,2001-07-29 00:00:00,267.6,269.55,264.0,268.8,2675,0,0
996969600,2001-08-05 00:00:00,268.5,277.55,265.75,274.8,3350,0,0
997574400,2001-08-12 00:00:00,273.5,281.7,273.0,279.5,3645,0,0
998179200,2001-08-19 00:00:00,279.0,280.05,271.55,273.1,3915,0,0
998784000,2001-08-26 00:00:00,272.25,276.75,270.15,274.7,3170,0,0
999388800,2001-09-02 00:00:00,274.45,275.25,270.7,273.4,2635,0,0
999993600,2001-09-09 00:00:00,273.0,296.0,270.45,285.8,10345,0,0
1000598400,2001-09-16 00:00:00,288.0,296.1,283.75,291.7,6821,0,0
1001203200,2001-09-23 00:00:00,290.5,294.65,286.5,293.45,5166,0,0
1001808000,2001-09-30 00:00:00,292.0,293.7,288.1,291.2,3917,0,0
1002412800,2001-10-07 00:00:00,290.75,294.62,279.7,284.7,5254,0,0
1003017600,2001-10-14 00:00:00,284.2,286.25,277.2,279.9,4675,0,0
1003622400,2001-10-21 00:00:00,279.4,280.0,273.95,277.6,2875,0,0
1004227200,2001-10-28 00:00:00,277.1,282.5,276.65,280.2,2860,0,0
1004832000,2001-11-04 00:00:00,279.7,281.6,276.0,277.95,3035,0,0
1005436800,2001-11-11 00:00:00,277.2,282.5,273.45,275.1,4025,0,0
1006041600,2001-11-18 00:00:00,274.6,276.25,271.7,273.15,2425,0,0
1006646400,2001-11-25 00:00:00,272.8,276.55,272.0,274.65,2330,0,0
1007251200,2001-12-02 00:00:00,274.15,278.7,273.1,274.8,2875,0,0
1007856000,2001-12-09 00:00:00,274.3,279.95,270.95,278.7,2395,0,0
1008460800,2001-12-16 00:00:00,277.35,281.75,274.0,278.4,3640,0,0
1009065600,2001-12-23 00:00:00,277.7,281.25,275.55,276.8,2891,0,0
1009670400,2001-12-30 00:00:00,275.9,280.75,275.65,279.2,2680,0,0
1010275200,2002-01-06 00:00:00,278.4,290.0,276.9,287.8,3832,0,0
1010880000,2002-01-13 00:00:00,286.6,290.0,282.45,283.8,3800,0,0
1011484800,2002-01-20 00:00:00,283.3,284.55,277.35,279.2,2955,0,0
1012089600,2002-01-27 00:00:00,279.2,287.7,276.6,286.5,3260,0,0
1012694400,2002-02-03 00:00:00,285.25,309.3,284.9,304.0,6727,0,0
1013299200,2002-02-10 00:00:00,303.5,305.8,295.1,298.1,5215,0,0
1013904000,2002-02-17 00:00:00,298.5,299.88,289.55,293.0,4079,0,0
1014508800,2002-02-24 00:00:00,292.75,300.12,290.4,298.4,3848,0,0
1015113600,2002-03-03 00:00:00,297.6,300.62,287.4,290.0,3884,0,0
1015718400,2002-03-10 00:00:00,289.35,295.4,288.85,290.3,3290,0,0
1016323200,2002-03-17 00:00:00,289.8,298.38,289.5,298.0,2517,0,0
1016928000,2002-03-24 00:00:00,297.4,305.27,295.35,302.75,3424,0,0
1017532800,2002-03-31 00:00:00,301.75,307.45,297.75,300.3,4074,0,0
1018137600,2002-04-07 00:00:00,299.85,303.75,296.75,301.9,3275,0,0
1018742400,2002-04-14 00:00:00,301.9,306.6,297.15,302.6,3875,0,0
1019347200,2002-04-21 00:00:00,302.0,312.5,301.35,311.6,3520,0,0
1019952000,2002-04-28 00:00:00,310.75,313.85,306.35,312.2,4095,0,0
1020556800,2002-05-05 00:00:00,311.5,314.4,307.55,311.3,3775,0,0
1021161600,2002-05-12 00:00:00,310.6,312.65,305.95,311.3,2845,0,0
1021766400,2002-05-19 00:00:00,310.6,324.48,309.75,320.8,5431,0,0
1022371200,2002-05-26 00:00:00,320.3,330.25,319.5,326.8,5290,0,0
1022976000,2002-06-02 00:00:00,326.3,332.15,319.75,324.2,5150,0,0
1023580800,2002-06-09 00:00:00,324.6,325.6,315.45,319.6,4970,0,0
1024185600,2002-06-16 00:00:00,319.1,325.6,316.25,324.9,3340,0,0
1024790400,2002-06-23 00:00:00,324.4,327.3,309.9,314.7,6980,0,0
1025395200,2002-06-30 00:00:00,313.7,316.4,310.0,311.8,2745,0,0
1026000000,2002-07-07 00:00:00,311.2,318.5,309.9,316.3,4165,0,0
1026604800,2002-07-14 00:00:00,315.7,326.4,315.5,324.2,4045,0,0
1027209600,2002-07-21 00:00:00,323.7,326.23,300.5,304.0,7516,0,0
1027814400,2002-07-28 00:00:00,304.2,308.5,298.45,307.4,4180,0,0
1028419200,2002-08-04 00:00:00,307.1,316.05,303.7,314.8,4985,0,0
1029024000,2002-08-11 00:00:00,314.3,318.5,310.8,314.2,3795,0,0
1029628800,2002-08-18 00:00:00,313.7,316.4,303.95,307.3,4745,0,0
1030233600,2002-08-25 00:00:00,306.7,315.3,306.2,313.0,3575,0,0
1030838400,2002-09-01 00:00:00,312.5,322.1,310.9,320.5,3005,0,0
1031443200,2002-09-08 00:00:00,319.9,324.6,314.4,317.1,4000,0,0
1032048000,2002-09-15 00:00:00,316.55,324.5,313.5,322.15,8492,0,0
1032652800,2002-09-22 00:00:00,322.15,328.3,318.5,319.95,7833,0,0
1033257600,2002-09-29 00:00:00,320.25,325.5,319.0,322.25,4885,0,0
1033862400,2002-10-06 00:00:00,322.25,323.7,315.9,316.75,3369,0,0
1034467200,2002-10-13 00:00:00,318.45,319.1,310.22,312.85,9091,0,0
1035072000,2002-10-20 00:00:00,312.5,314.6,308.5,313.05,4785,0,0
1035676800,2002-10-27 00:00:00,313.27,321.8,312.5,318.75,6594,0,0
1036281600,2002-11-03 00:00:00,320.35,323.5,316.5,321.55,5760,0,0
1036886400,2002-11-10 00:00:00,321.55,325.4,316.5,320.55,8395,0,0
1037491200,2002-11-17 00:00:00,320.55,322.5,316.3,321.05,6153,0,0
1038096000,2002-11-24 00:00:00,320.15,321.5,315.62,317.9,4227,0,0
1038700800,2002-12-01 00:00:00,318.47,329.6,315.7,326.25,8188,0,0
1039305600,2002-12-08 00:00:00,326.57,336.0,322.3,330.55,7011,0,0
1039910400,2002-12-15 00:00:00,333.15,354.72,331.9,340.75,10693,0,0
1040515200,2002-12-22 00:00:00,340.76,351.51,340.45,349.25,5549,0,0
1041120000,2002-12-29 00:00:00,349.17,353.5,341.1,351.25,7135,0,0
1041724800,2003-01-05 00:00:00,349.85,357.75,344.45,354.75,13924,0,0
1042329600,2003-01-12 00:00:00,354.75,359.2,345.51,356.55,12530,0,0
1042934400,2003-01-19 00:00:00,356.55,370.5,353.05,368.35,10417,0,0
1043539200,2003-01-26 00:00:00,373.97,374.22,362.4,368.15,12584,0,0
1044144000,2003-02-02 00:00:00,368.15,388.75,366.75,369.75,14699,0,0
1044748800,2003-02-09 00:00:00,370.0,373.36,346.75,351.55,14859,0,0
1045353600,2003-02-16 00:00:00,351.0,355.05,341.0,351.9,12305,0,0
1045958400,2003-02-23 00:00:00,351.75,360.65,344.75,349.95,13194,0,0
1046563200,2003-03-02 00:00:00,349.5,358.6,344.7,350.75,13161,0,0
1047168000,2003-03-09 00:00:00,352.22,355.5,331.45,336.35,9998,0,0
1047772800,2003-03-16 00:00:00,339.95,345.65,325.49,326.05,10092,0,0
1048377600,2003-03-23 00:00:00,328.13,334.7,325.88,332.45,9520,0,0
1048982400,2003-03-30 00:00:00,332.61,339.15,321.88,325.38,10311,0,0
1049587200,2003-04-06 00:00:00,321.72,329.55,318.88,328.05,10633,0,0
1050192000,2003-04-13 00:00:00,326.13,328.5,321.88,327.0,6699,0,0
1050796800,2003-04-20 00:00:00,327.13,336.66,326.3,333.25,10107,0,0
1051401600,2003-04-27 00:00:00,333.34,344.0,327.13,340.95,10912,0,0
1052006400,2003-05-04 00:00:00,341.72,349.95,339.15,348.55,10220,0,0
1052611200,2003-05-11 00:00:00,348.8,357.5,348.05,354.75,10654,0,0
1053216000,2003-05-18 00:00:00,357.0,373.65,356.4,368.75,11734,0,0
1053820800,2003-05-25 00:00:00,368.0,375.02,358.3,364.85,9158,0,0
1054425600,2003-06-01 00:00:00,363.25,370.3,359.36,363.85,11546,0,0
1055030400,2003-06-08 00:00:00,362.75,367.45,350.7,356.75,11605,0,0
1055635200,2003-06-15 00:00:00,356.75,365.28,355.1,356.25,8219,0,0
1056240000,2003-06-22 00:00:00,357.25,358.86,342.4,345.22,11373,0,0
1056844800,2003-06-29 00:00:00,345.11,353.85,343.8,350.6,6625,0,0
1057449600,2003-07-06 00:00:00,350.63,352.08,342.07,344.8,17244,0,0
1058054400,2003-07-13 00:00:00,345.0,349.77,340.1,347.15,16525,0,0
1058659200,2003-07-20 00:00:00,347.5,364.92,346.7,362.75,11845,0,0
1059264000,2003-07-27 00:00:00,362.75,368.0,344.95,346.35,11494,0,0
1059868800,2003-08-03 00:00:00,347.6,358.25,345.48,356.75,10709,0,0
1060473600,2003-08-10 00:00:00,356.34,367.8,350.77,363.5,10239,0,0
1061078400,2003-08-17 00:00:00,363.61,367.15,355.95,362.95,11601,0,0
1061683200,2003-08-24 00:00:00,362.55,378.0,358.9,375.55,13901,0,0
1062288000,2003-08-31 00:00:00,375.0,379.55,369.55,377.35,5414,0,0
1062892800,2003-09-07 00:00:00,377.0,384.1,373.25,375.3,12299,0,0
1063497600,2003-09-14 00:00:00,375.5,383.8,371.35,381.8,11459,0,0
1064102400,2003-09-21 00:00:00,381.25,394.0,378.8,380.82,12952,0,0
1064707200,2003-09-28 00:00:00,381.5,388.8,366.0,369.55,12639,0,0
1065312000,2003-10-05 00:00:00,369.8,378.7,367.7,373.65,11483,0,0
1065916800,2003-10-12 00:00:00,373.1,377.1,366.2,371.55,12687,0,0
1066521600,2003-10-19 00:00:00,371.3,392.7,369.25,388.8,14865,0,0
1067126400,2003-10-26 00:00:00,387.6,391.95,379.4,384.5,14236,0,0
1067731200,2003-11-02 00:00:00,384.6,385.6,375.65,383.3,13889,0,0
1068336000,2003-11-09 00:00:00,382.8,399.4,381.85,397.48,20074,0,0
1068940800,2003-11-16 00:00:00,396.7,401.01,385.55,395.82,23448,0,0
1069545600,2003-11-23 00:00:00,395.82,401.1,389.23,398.05,15912,0,0
1070150400,2003-11-30 00:00:00,397.5,407.15,396.55,406.1,19093,0,0
1070755200,2003-12-07 00:00:00,406.3,412.25,402.74,409.05,2244,0,0
1071360000,2003-12-14 00:00:00,403.2,412.9,401.05,409.1,2492,0,0
1071964800,2003-12-21 00:00:00,409.35,414.3,407.8,413.3,941,0,0
1072569600,2003-12-28 00:00:00,413.55,417.9,411.7,415.3,1161,0,0
1073174400,2004-01-04 00:00:00,415.55,430.7,415.3,426.55,2908,0,0
1073779200,2004-01-11 00:00:00,426.75,429.1,405.2,406.6,3493,0,0
1074384000,2004-01-18 00:00:00,406.65,413.5,405.1,407.7,2161,0,0
1074988800,2004-01-25 00:00:00,407.7,415.3,396.3,402.4,2614,0,0
1075593600,2004-02-01 00:00:00,402.3,409.0,394.1,403.35,2496,0,0
1076198400,2004-02-08 00:00:00,403.48,417.5,402.25,410.03,4465,0,0
1076803200,2004-02-15 00:00:00,410.03,417.12,393.7,397.4,4661,0,0
1077408000,2004-02-22 00:00:00,399.35,405.3,390.6,396.24,4021,0,0
1078012800,2004-02-29 00:00:00,396.25,403.31,387.9,401.35,5101,0,0
1078617600,2004-03-07 00:00:00,401.34,406.4,394.7,395.35,4615,0,0
1079222400,2004-03-14 00:00:00,395.37,413.4,395.06,412.41,3273,0,0
1079827200,2004-03-21 00:00:00,412.38,424.0,411.06,421.95,4201,0,0
1080432000,2004-03-28 00:00:00,422.08,432.6,416.16,421.39,4487,0,0
1081036800,2004-04-04 00:00:00,421.48,424.2,413.2,421.26,4089,0,0
1081641600,2004-04-11 00:00:00,421.07,422.32,395.37,400.82,7037,0,0
1082246400,2004-04-18 00:00:00,400.37,405.5,389.56,395.19,4955,0,0
1082851200,2004-04-25 00:00:00,393.99,399.27,377.38,387.59,4026,0,0
1083456000,2004-05-02 00:00:00,387.59,395.19,377.4,378.99,5948,0,0
1084060800,2004-05-09 00:00:00,379.02,384.7,371.45,377.06,6212,0,0
1084665600,2004-05-16 00:00:00,376.82,387.58,375.04,384.97,5883,0,0
1085270400,2004-05-23 00:00:00,384.97,396.98,383.25,394.07,4679,0,0
1085875200,2004-05-30 00:00:00,394.05,399.18,384.37,391.03,5148,0,0
1086480000,2004-06-06 00:00:00,390.6,395.31,383.05,384.6,1791,0,0
1087084800,2004-06-13 00:00:00,384.8,396.55,381.35,394.8,10259,0,0
1087689600,2004-06-20 00:00:00,394.6,403.55,392.35,401.6,9325,0,0
1088294400,2004-06-27 00:00:00,402.5,405.35,390.55,398.55,10316,0,0
1088899200,2004-07-04 00:00:00,398.13,409.47,388.41,407.48,31347,0,0
1089504000,2004-07-11 00:00:00,407.49,408.98,400.73,406.4,25182,0,0
1090108800,2004-07-18 00:00:00,406.14,408.38,387.0,390.28,33825,0,0
1090713600,2004-07-25 00:00:00,390.43,393.95,385.18,391.33,30532,0,0
1091318400,2004-08-01 00:00:00,391.27,400.4,388.73,399.55,20997,0,0
1091923200,2004-08-08 00:00:00,394.65,401.32,392.4,398.97,4243,0,0
1092528000,2004-08-15 00:00:00,398.97,414.44,398.29,413.12,10686,0,0
1093132800,2004-08-22 00:00:00,413.08,413.43,400.72,403.2,5629,0,0
1093737600,2004-08-29 00:00:00,403.23,411.42,398.98,400.51,4868,0,0
1094342400,2004-09-05 00:00:00,400.51,403.46,394.87,402.0,4136,0,0
1094947200,2004-09-12 00:00:00,402.01,407.43,398.95,405.91,5134,0,0
1095552000,2004-09-19 00:00:00,405.91,412.48,403.43,408.05,4984,0,0
1096156800,2004-09-26 00:00:00,408.08,420.08,407.2,419.49,4444,0,0
1096761600,2004-10-03 00:00:00,419.3,423.95,411.55,422.8,885,0,0
1097366400,2004-10-10 00:00:00,422.6,423.55,409.55,418.8,914,0,0
1097971200,2004-10-17 00:00:00,418.6,426.55,414.55,424.2,1061,0,0
1098576000,2004-10-24 00:00:00,424.35,430.55,420.3,428.6,3478,0,0
1099180800,2004-10-31 00:00:00,429.1,434.35,417.05,433.6,6318,0,0
1099785600,2004-11-07 00:00:00,433.6,439.25,430.95,437.8,5883,0,0
1100390400,2004-11-14 00:00:00,438.3,448.55,435.05,447.1,8466,0,0
1100995200,2004-11-21 00:00:00,446.55,455.55,445.75,452.25,3817,0,0
1101600000,2004-11-28 00:00:00,452.5,457.05,446.85,455.8,6915,0,0
1102204800,2004-12-05 00:00:00,455.3,456.55,431.51,434.32,35375,0,0
1102809600,2004-12-12 00:00:00,434.23,447.58,433.91,441.5,39227,0,0
1103414400,2004-12-19 00:00:00,441.52,444.48,438.65,442.59,22220,0,0
1104019200,2004-12-26 00:00:00,442.59,445.77,433.33,438.32,20711,0,0
1104624000,2005-01-02 00:00:00,438.45,438.71,416.57,419.02,39285,0,0
1105228800,2005-01-09 00:00:00,419.02,428.09,418.65,423.1,29056,0,0
1105833600,2005-01-16 00:00:00,423.11,428.69,419.9,427.23,23782,0,0
1106438400,2005-01-23 00:00:00,427.21,461.35,420.91,427.05,27354,0,0
1107043200,2005-01-30 00:00:00,426.46,426.75,413.78,414.7,27807,0,0
1107648000,2005-02-06 00:00:00,414.78,422.35,410.25,420.91,25729,0,0
1108252800,2005-02-13 00:00:00,420.91,428.88,420.48,427.2,23773,0,0
1108857600,2005-02-20 00:00:00,427.18,437.1,422.96,434.82,20791,0,0
1109462400,2005-02-27 00:00:00,435.25,438.43,428.58,434.2,30102,0,0
1110067200,2005-03-06 00:00:00,434.08,447.5,434.08,445.85,16588,0,0
1110672000,2005-03-13 00:00:00,446.06,446.38,435.61,439.33,26746,0,0
1111276800,2005-03-20 00:00:00,439.31,439.61,424.16,425.47,23270,0,0
1111881600,2005-03-27 00:00:00,425.48,429.3,423.28,426.08,20717,0,0
1112486400,2005-04-03 00:00:00,426.25,428.77,422.28,427.05,23946,0,0
1113091200,2005-04-10 00:00:00,427.05,430.75,421.83,424.8,24615,0,0
1113696000,2005-04-17 00:00:00,424.84,438.45,423.02,434.61,28269,0,0
1114300800,2005-04-24 00:00:00,434.66,437.94,430.35,434.95,26915,0,0
1114905600,2005-05-01 00:00:00,434.96,435.87,423.79,426.23,26886,0,0
1115510400,2005-05-08 00:00:00,426.2,429.07,418.7,420.2,25980,0,0
1116115200,2005-05-15 00:00:00,420.25,423.5,416.4,417.65,23647,0,0
1116720000,2005-05-22 00:00:00,417.7,420.74,416.06,420.43,20205,0,0
1117324800,2005-05-29 00:00:00,420.45,425.2,414.15,422.43,21014,0,0
1117929600,2005-06-05 00:00:00,422.55,428.9,420.9,427.0,22089,0,0
1118534400,2005-06-12 00:00:00,427.0,439.7,424.0,437.65,17617,0,0
1119139200,2005-06-19 00:00:00,437.7,444.0,433.8,439.85,14425,0,0
1119744000,2005-06-26 00:00:00,439.8,440.7,426.6,427.55,14758,0,0
1120348800,2005-07-03 00:00:00,427.7,429.3,421.1,423.05,14143,0,0
1120953600,2005-07-10 00:00:00,423.15,428.15,417.85,421.55,17282,0,0
1121558400,2005-07-17 00:00:00,421.6,427.2,418.65,425.0,14463,0,0
1122163200,2005-07-24 00:00:00,425.05,431.2,421.65,429.6,16261,0,0
1122768000,2005-07-31 00:00:00,429.8,439.75,428.8,437.25,18225,0,0
1123372800,2005-08-07 00:00:00,437.3,450.04,432.75,446.15,28646,0,0
1123977600,2005-08-14 00:00:00,446.15,447.3,435.75,436.4,30167,0,0
1124582400,2005-08-21 00:00:00,436.25,441.25,435.6,437.4,30731,0,0
1125187200,2005-08-28 00:00:00,437.6,447.5,429.05,444.5,30802,0,0
1125792000,2005-09-04 00:00:00,444.45,449.8,442.72,449.0,23104,0,0
1126396800,2005-09-11 00:00:00,448.9,460.35,444.4,459.45,26852,0,0
1127001600,2005-09-18 00:00:00,459.5,475.2,458.3,463.6,37098,0,0
1127606400,2005-09-25 00:00:00,462.8,474.5,457.7,468.9,39200,0,0
1128211200,2005-10-02 00:00:00,468.75,475.85,462.75,474.55,33222,0,0
1128816000,2005-10-09 00:00:00,474.6,480.11,465.5,469.3,38660,0,0
1129420800,2005-10-16 00:00:00,469.4,475.46,459.75,466.9,36886,0,0
1130025600,2005-10-23 00:00:00,466.62,475.75,463.0,472.9,37666,0,0
1130630400,2005-10-30 00:00:00,472.85,473.05,454.8,456.7,39193,0,0
1131235200,2005-11-06 00:00:00,456.65,470.15,455.95,468.4,31722,0,0
1131840000,2005-11-13 00:00:00,468.35,488.85,466.4,485.3,32743,0,0
1132444800,2005-11-20 00:00:00,485.5,496.85,484.6,495.75,24723,0,0
1133049600,2005-11-27 00:00:00,495.65,506.5,490.7,503.15,35159,0,0
1133654400,2005-12-04 00:00:00,503.05,530.75,503.05,525.85,13825,0,0
1134259200,2005-12-11 00:00:00,527.6,541.0,492.85,502.35,10911,0,0
1134864000,2005-12-18 00:00:00,502.2,509.05,489.45,503.05,9068,0,0
1135468800,2005-12-25 00:00:00,503.5,517.85,503.15,516.97,5779,0,0
1136073600,2006-01-01 00:00:00,516.98,540.02,516.98,539.27,25236,0,0
1136678400,2006-01-08 00:00:00,539.95,557.75,534.95,555.75,31256,0,0
1137283200,2006-01-15 00:00:00,555.78,568.02,539.95,553.53,24263,0,0
1137888000,2006-01-22 00:00:00,553.52,566.65,551.35,558.94,21876,0,0
1138492800,2006-01-29 00:00:00,558.27,575.1,558.1,567.4,22557,0,0
1139097600,2006-02-05 00:00:00,568.4,573.78,544.75,550.37,31148,0,0
1139702400,2006-02-12 00:00:00,550.77,554.4,534.65,551.75,35212,0,0
1140307200,2006-02-19 00:00:00,551.74,559.4,547.09,558.75,25978,0,0
1140912000,2006-02-26 00:00:00,557.65,570.54,552.5,565.07,29921,0,0
1141516800,2006-03-05 00:00:00,565.7,568.2,533.5,540.6,35602,0,0
1142121600,2006-03-12 00:00:00,541.04,557.6,540.6,553.6,28587,0,0
1142726400,2006-03-19 00:00:00,553.5,561.1,544.1,559.65,31441,0,0
1143331200,2006-03-26 00:00:00,558.88,589.35,558.5,582.28,32923,0,0
1143936000,2006-04-02 00:00:00,582.5,597.9,581.65,588.87,38165,0,0
1144540800,2006-04-09 00:00:00,590.6,604.02,590.25,598.26,35488,0,0
1145145600,2006-04-16 00:00:00,598.35,645.6,598.34,634.9,43592,0,0
1145750400,2006-04-23 00:00:00,634.89,655.8,618.77,654.53,35378,0,0
1146355200,2006-04-30 00:00:00,654.35,684.15,650.38,683.3,36898,0,0
1146960000,2006-05-07 00:00:00,683.15,730.25,675.15,714.98,40890,0,0
1147564800,2006-05-14 00:00:00,714.55,720.25,650.79,659.77,34032,0,0
1148169600,2006-05-21 00:00:00,657.2,674.67,635.5,653.23,29410,0,0
1148774400,2006-05-28 00:00:00,653.19,665.25,618.77,638.07,16414,0,0
1149379200,2006-06-04 00:00:00,636.87,644.7,600.7,605.75,27559,0,0
1149984000,2006-06-11 00:00:00,607.15,611.45,542.54,579.6,28599,0,0
1150588800,2006-06-18 00:00:00,579.9,594.79,560.8,583.02,21962,0,0
1151193600,2006-06-25 00:00:00,584.25,616.2,576.47,615.28,26033,0,0
1151798400,2006-07-02 00:00:00,613.0,637.3,613.0,628.87,20376,0,0
1152403200,2006-07-09 00:00:00,630.04,667.66,620.21,664.55,30534,0,0
1153008000,2006-07-16 00:00:00,669.38,674.82,615.6,621.04,30875,0,0
1153612800,2006-07-23 00:00:00,620.22,640.65,601.9,634.46,24351,0,0
1154217600,2006-07-30 00:00:00,635.02,655.92,628.53,646.2,25925,0,0
1154822400,2006-08-06 00:00:00,645.95,654.76,626.13,631.54,27015,0,0
1155427200,2006-08-13 00:00:00,631.22,632.75,607.11,614.4,27790,0,0
1156032000,2006-08-20 00:00:00,614.71,630.08,613.47,622.57,24305,0,0
1156636800,2006-08-27 00:00:00,622.35,627.62,607.15,625.69,21973,0,0
1157241600,2006-09-03 00:00:00,624.87,640.24,606.25,610.28,20200,0,0
1157846400,2006-09-10 00:00:00,610.27,610.27,570.45,577.87,30181,0,0
1158451200,2006-09-17 00:00:00,579.14,592.35,571.88,589.0,24836,0,0
1159056000,2006-09-24 00:00:00,589.6,606.66,581.82,598.4,25768,0,0
1159660800,2006-10-01 00:00:00,598.39,603.67,559.07,573.29,26218,0,0
1160265600,2006-10-08 00:00:00,574.0,590.65,568.75,589.72,31350,0,0
1160870400,2006-10-15 00:00:00,591.6,602.21,585.6,591.61,27288,0,0
1161475200,2006-10-22 00:00:00,591.5,599.75,572.75,599.6,17646,0,0
1162080000,2006-10-29 00:00:00,599.49,629.1,597.7,627.77,21805,0,0
1162684800,2006-11-05 00:00:00,627.1,636.5,613.07,627.9,22652,0,0
1163289600,2006-11-12 00:00:00,628.0,632.25,614.45,621.27,19395,0,0
1163894400,2006-11-19 00:00:00,621.1,639.94,620.15,638.05,13248,0,0
1164499200,2006-11-26 00:00:00,639.7,649.75,632.52,645.7,15117,0,0
1165104000,2006-12-03 00:00:00,645.65,648.5,623.35,624.52,16176,0,0
1165708800,2006-12-10 00:00:00,624.75,630.95,614.32,615.45,17070,0,0
1166313600,2006-12-17 00:00:00,615.09,624.29,612.25,620.95,18065,0,0
1166918400,2006-12-24 00:00:00,620.96,636.78,620.96,636.35,10539,0,0
1167523200,2006-12-31 00:00:00,637.78,644.74,601.75,606.44,15292,0,0
1168128000,2007-01-07 00:00:00,608.85,627.29,603.54,625.78,21046,0,0
1168732800,2007-01-14 00:00:00,626.1,636.15,621.45,635.12,18499,0,0
1169337600,2007-01-21 00:00:00,635.57,654.21,631.85,645.83,39725,0,0
1169942400,2007-01-28 00:00:00,646.3,661.21,640.59,647.5,41123,0,0
1170547200,2007-02-04 00:00:00,647.75,668.7,645.85,666.4,32193,0,0
1171152000,2007-02-11 00:00:00,667.55,671.65,659.5,668.9,35419,0,0
1171756800,2007-02-18 00:00:00,668.4,688.1,655.5,682.9,32342,0,0
1172361600,2007-02-25 00:00:00,680.7,688.8,639.27,642.6,83252,0,0
1172966400,2007-03-04 00:00:00,642.5,657.85,632.3,647.95,61972,0,0
1173571200,2007-03-11 00:00:00,650.25,655.15,636.64,652.95,38052,0,0
1174176000,2007-03-18 00:00:00,654.7,666.6,651.95,656.65,27820,0,0
1174780800,2007-03-25 00:00:00,657.36,669.2,655.3,663.3,26042,0,0
1175385600,2007-04-01 00:00:00,665.25,675.55,656.05,674.41,28986,0,0
1175990400,2007-04-08 00:00:00,673.21,685.65,670.4,684.75,28771,0,0
1176595200,2007-04-15 00:00:00,685.76,693.5,678.95,691.45,30919,0,0
1177200000,2007-04-22 00:00:00,691.7,693.55,670.65,681.1,32157,0,0
1177804800,2007-04-29 00:00:00,680.95,690.5,667.45,688.4,24931,0,0
1178409600,2007-05-06 00:00:00,688.0,690.7,664.25,670.6,28322,0,0
1179014400,2007-05-13 00:00:00,670.8,674.98,653.85,661.17,51332,0,0
1179619200,2007-05-20 00:00:00,661.43,665.13,651.9,655.75,46306,0,0
1180224000,2007-05-27 00:00:00,655.85,671.53,652.0,671.25,35842,0,0
1180828800,2007-06-03 00:00:00,671.15,673.8,644.1,648.3,52851,0,0
1181433600,2007-06-10 00:00:00,648.95,655.75,643.0,654.9,48244,0,0
1182038400,2007-06-17 00:00:00,655.35,661.95,647.85,653.75,44975,0,0
1182643200,2007-06-24 00:00:00,653.85,654.3,639.22,649.2,46290,0,0
1183248000,2007-07-01 00:00:00,649.25,658.58,645.03,655.4,35332,0,0
1183852800,2007-07-08 00:00:00,655.6,669.13,653.8,666.45,47155,0,0
1184457600,2007-07-15 00:00:00,667.1,686.7,662.5,682.95,48172,0,0
1185062400,2007-07-22 00:00:00,683.3,687.8,654.4,660.6,58017,0,0
1185667200,2007-07-29 00:00:00,661.15,675.35,659.15,672.6,52748,0,0
1186272000,2007-08-05 00:00:00,675.25,676.8,657.95,672.45,60887,0,0
1186876800,2007-08-12 00:00:00,672.4,672.8,641.75,657.35,70443,0,0
1187481600,2007-08-19 00:00:00,657.38,668.85,653.03,667.85,59181,0,0
1188086400,2007-08-26 00:00:00,668.15,674.85,661.15,672.95,51641,0,0
1188691200,2007-09-02 00:00:00,672.7,706.78,671.35,700.48,59810,0,0
1189296000,2007-09-09 00:00:00,700.43,717.25,699.0,707.05,66469,0,0
1189900800,2007-09-16 00:00:00,706.95,739.55,706.0,731.05,80380,0,0
1190505600,2007-09-23 00:00:00,730.8,745.85,722.0,743.2,77414,0,0
1191110400,2007-09-30 00:00:00,743.65,747.8,720.7,741.95,81803,0,0
1191715200,2007-10-07 00:00:00,742.2,753.7,726.55,749.38,73415,0,0
1192320000,2007-10-14 00:00:00,749.1,770.95,747.35,764.9,99380,0,0
1192924800,2007-10-21 00:00:00,765.85,785.7,745.08,784.75,94149,0,0
1193529600,2007-10-28 00:00:00,785.0,808.0,776.8,806.6,100118,0,0
1194134400,2007-11-04 00:00:00,806.4,845.65,800.85,831.65,139180,0,0
1194739200,2007-11-11 00:00:00,831.55,831.7,782.5,785.92,141216,0,0
1195344000,2007-11-18 00:00:00,786.17,825.67,772.7,824.05,97704,0,0
1195948800,2007-11-25 00:00:00,821.9,836.8,779.0,783.38,122982,0,0
1196553600,2007-12-02 00:00:00,784.05,806.75,776.95,794.55,102969,0,0
1197158400,2007-12-09 00:00:00,794.4,817.1,787.7,794.4,97403,0,0
1197763200,2007-12-16 00:00:00,794.05,812.35,785.13,811.35,76327,0,0
1198368000,2007-12-23 00:00:00,810.95,840.5,805.0,840.23,44705,0,0
1198972800,2007-12-30 00:00:00,839.5,869.38,829.83,859.25,68106,0,0
1199577600,2008-01-06 00:00:00,859.75,898.08,855.13,895.05,119986,0,0
1200182400,2008-01-13 00:00:00,895.25,914.3,869.85,882.85,132446,0,0
1200787200,2008-01-20 00:00:00,882.75,923.55,849.35,913.61,126537,0,0
1201392000,2008-01-27 00:00:00,913.6,936.85,903.35,904.6,104549,0,0
1201996800,2008-02-03 00:00:00,905.93,922.5,884.2,922.2,116409,0,0
1202601600,2008-02-10 00:00:00,922.03,927.18,896.3,902.15,100840,0,0
1203206400,2008-02-17 00:00:00,901.8,953.85,900.13,944.8,102963,0,0
1203811200,2008-02-24 00:00:00,946.3,976.18,926.45,973.6,115756,0,0
1204416000,2008-03-02 00:00:00,973.8,992.95,956.48,972.55,125793,0,0
1205020800,2008-03-09 00:00:00,972.4,1007.0,960.95,1002.75,117043,0,0
1205625600,2008-03-16 00:00:00,1002.25,1032.6,904.48,917.46,95697,0,0
1206230400,2008-03-23 00:00:00,915.5,954.93,906.28,931.2,107172,0,0
1206835200,2008-03-30 00:00:00,930.35,940.85,872.1,913.55,120374,0,0
1207440000,2008-04-06 00:00:00,912.85,939.65,902.75,924.85,111811,0,0
1208044800,2008-04-13 00:00:00,925.25,952.8,904.63,916.3,104844,0,0
1208649600,2008-04-20 00:00:00,916.0,928.68,877.7,886.05,112363,0,0
1209254400,2008-04-27 00:00:00,886.0,895.78,845.05,855.98,117028,0,0
1209859200,2008-05-04 00:00:00,856.05,889.6,854.88,884.45,109946,0,0
1210464000,2008-05-11 00:00:00,884.55,904.8,859.6,902.25,115271,0,0
1211068800,2008-05-18 00:00:00,902.15,935.25,900.68,924.6,112421,0,0
1211673600,2008-05-25 00:00:00,925.05,930.75,870.53,886.4,96940,0,0
1212278400,2008-06-01 00:00:00,886.5,902.15,864.85,901.93,114420,0,0
1212883200,2008-06-08 00:00:00,901.85,909.15,857.35,871.15,129637,0,0
1213488000,2008-06-15 00:00:00,870.8,908.65,866.55,901.73,115432,0,0
1214092800,2008-06-22 00:00:00,901.4,930.72,873.5,927.4,110923,0,0
1214697600,2008-06-29 00:00:00,927.55,946.75,918.45,933.9,100580,0,0
1215302400,2008-07-06 00:00:00,932.36,967.78,912.47,963.8,122017,0,0
1215907200,2008-07-13 00:00:00,963.7,988.28,949.83,954.63,128419,0,0
1216512000,2008-07-20 00:00:00,956.48,976.13,916.22,929.28,114360,0,0
1217116800,2008-07-27 00:00:00,929.1,933.05,893.8,910.32,101022,0,0
1217721600,2008-08-03 00:00:00,910.0,915.43,850.72,856.48,117507,0,0
1218326400,2008-08-10 00:00:00,855.65,865.85,772.8,787.15,137425,0,0
1218931200,2008-08-17 00:00:00,790.2,839.1,782.2,822.8,115373,0,0
1219536000,2008-08-24 00:00:00,824.25,844.03,806.9,830.85,127121,0,0
1220140800,2008-08-31 00:00:00,834.78,836.3,789.35,803.1,148703,0,0
1220745600,2008-09-07 00:00:00,804.53,818.13,736.18,765.05,180315,0,0
1221350400,2008-09-14 00:00:00,769.45,920.34,764.2,873.07,230232,0,0
1221955200,2008-09-21 00:00:00,871.75,911.6,862.05,877.93,199542,0,0
1222560000,2008-09-28 00:00:00,872.1,926.7,819.2,835.45,206605,0,0
1223164800,2008-10-05 00:00:00,832.9,930.48,825.5,849.55,209816,0,0
1223769600,2008-10-12 00:00:00,850.6,872.23,772.3,783.05,193390,0,0
1224374400,2008-10-19 00:00:00,776.4,810.3,681.43,734.3,211754,0,0
1224979200,2008-10-26 00:00:00,734.6,777.85,707.05,724.2,211705,0,0
1225584000,2008-11-02 00:00:00,726.78,769.6,721.93,736.2,188256,0,0
1226188800,2008-11-09 00:00:00,737.03,768.5,699.7,741.65,184867,0,0
1226793600,2008-11-16 00:00:00,740.7,802.38,730.8,800.38,184067,0,0
1227398400,2008-11-23 00:00:00,799.53,830.8,786.4,817.93,138482,0,0
1228003200,2008-11-30 00:00:00,817.9,819.05,741.13,755.88,181770,0,0
1228608000,2008-12-07 00:00:00,754.95,834.72,753.68,821.6,188503,0,0
1229212800,2008-12-14 00:00:00,823.6,881.75,821.3,836.43,188234,0,0
1229817600,2008-12-21 00:00:00,837.75,872.58,829.35,868.5,90352,0,0
1230422400,2008-12-28 00:00:00,869.25,890.1,856.03,874.97,108231,0,0
1231027200,2009-01-04 00:00:00,875.4,884.68,836.05,853.38,190610,0,0
1231632000,2009-01-11 00:00:00,853.55,856.6,801.53,842.55,186813,0,0
1232236800,2009-01-18 00:00:00,842.7,903.03,823.4,899.0,173409,0,0
1232841600,2009-01-25 00:00:00,899.3,929.48,874.25,927.0,191428,0,0
1233446400,2009-02-01 00:00:00,927.35,927.35,889.0,910.75,175042,0,0
1234051200,2009-02-08 00:00:00,910.45,952.15,890.62,941.48,173147,0,0
1234656000,2009-02-15 00:00:00,941.77,1005.98,936.18,992.4,175719,0,0
1235260800,2009-02-22 00:00:00,992.63,997.98,927.0,941.72,213660,0,0
1235865600,2009-03-01 00:00:00,939.9,958.15,900.0,938.7,199108,0,0
1236470400,2009-03-08 00:00:00,937.85,941.95,891.33,928.85,167894,0,0
1237075200,2009-03-15 00:00:00,927.1,966.7,883.78,951.5,173221,0,0
1237680000,2009-03-22 00:00:00,951.55,957.08,916.38,922.85,165585,0,0
1238284800,2009-03-29 00:00:00,922.7,932.92,890.58,892.55,158397,0,0
1238889600,2009-04-05 00:00:00,893.85,896.63,865.2,881.0,118939,0,0
1239494400,2009-04-12 00:00:00,880.9,899.78,865.18,868.25,116746,0,0
1240099200,2009-04-19 00:00:00,868.5,913.85,864.5,912.4,133308,0,0
1240704000,2009-04-26 00:00:00,912.68,918.3,880.15,886.05,119335,0,0
1241308800,2009-05-03 00:00:00,886.8,925.3,884.65,915.9,124197,0,0
1241913600,2009-05-10 00:00:00,916.4,934.15,908.45,931.3,118508,0,0
1242518400,2009-05-17 00:00:00,931.05,961.42,915.05,956.85,124131,0,0
1243123200,2009-05-24 00:00:00,956.69,980.22,941.05,978.47,112083,0,0
1243728000,2009-05-31 00:00:00,978.93,989.97,952.55,954.88,147899,0,0
1244332800,2009-06-07 00:00:00,954.75,965.2,935.82,938.75,133357,0,0
1244937600,2009-06-14 00:00:00,938.8,942.7,925.75,933.4,122802,0,0
1245542400,2009-06-21 00:00:00,933.5,948.2,912.83,939.1,120165,0,0
1246147200,2009-06-28 00:00:00,938.55,946.4,923.07,932.5,93891,0,0
1246752000,2009-07-05 00:00:00,932.3,932.3,904.93,912.55,105835,0,0
1247356800,2009-07-12 00:00:00,912.65,942.02,907.8,936.85,97659,0,0
1247961600,2009-07-19 00:00:00,937.25,957.35,936.5,950.95,100958,0,0
1248566400,2009-07-26 00:00:00,950.85,958.8,925.65,953.5,99384,0,0
1249171200,2009-08-02 00:00:00,954.2,971.6,951.11,954.6,127663,0,0
1249776000,2009-08-09 00:00:00,954.4,960.5,940.12,948.05,111387,0,0
1250380800,2009-08-16 00:00:00,948.1,957.85,930.33,953.33,108602,0,0
1250985600,2009-08-23 00:00:00,953.4,961.55,934.55,954.4,109106,0,0
1251590400,2009-08-30 00:00:00,954.45,997.34,943.35,993.1,134251,0,0
1252195200,2009-09-06 00:00:00,993.9,1011.72,982.85,1004.58,130592,0,0
1252800000,2009-09-13 00:00:00,1005.35,1023.9,992.18,1007.15,155615,0,0
1253404800,2009-09-20 00:00:00,1007.1,1019.65,984.85,990.5,149689,0,0
1254009600,2009-09-27 00:00:00,991.23,1009.68,985.17,1002.2,153459,0,0
1254614400,2009-10-04 00:00:00,1001.85,1061.42,1000.58,1048.7,164058,0,0
1255219200,2009-10-11 00:00:00,1048.65,1070.8,1042.9,1052.95,160891,0,0
1255824000,2009-10-18 00:00:00,1052.6,1067.73,1047.67,1054.95,165004,0,0
1256428800,2009-10-25 00:00:00,1054.65,1059.68,1026.48,1044.98,164678,0,0
1257033600,2009-11-01 00:00:00,1043.9,1101.05,1041.18,1094.6,168907,0,0
1257638400,2009-11-08 00:00:00,1097.75,1122.83,1095.2,1118.18,152307,0,0
1258243200,2009-11-15 00:00:00,1118.25,1152.95,1118.25,1150.1,166020,0,0
1258848000,2009-11-22 00:00:00,1150.15,1195.22,1137.35,1177.18,161930,0,0
1259452800,2009-11-29 00:00:00,1177.3,1226.37,1147.22,1160.72,225121,0,0
1260057600,2009-12-06 00:00:00,1161.05,1168.55,1109.33,1114.99,249156,0,0
1260662400,2009-12-13 00:00:00,1114.9,1141.7,1094.63,1113.0,204636,0,0
1261267200,2009-12-20 00:00:00,1111.95,1119.28,1074.5,1105.0,133431,0,0
1261872000,2009-12-27 00:00:00,1105.03,1113.7,1085.8,1098.15,108794,0,0
1262476800,2010-01-03 00:00:00,1096.85,1140.4,1092.95,1137.53,178116,0,0
1263081600,2010-01-10 00:00:00,1137.6,1161.9,1118.5,1130.45,171928,0,0
1263686400,2010-01-17 00:00:00,1130.4,1141.45,1082.35,1092.83,165695,0,0
1264291200,2010-01-24 00:00:00,1092.65,1104.05,1074.15,1080.59,179309,0,0
1264896000,2010-01-31 00:00:00,1080.65,1125.0,1044.35,1065.8,175356,0,0
1265500800,2010-02-07 00:00:00,1065.6,1097.8,1061.55,1093.05,184515,0,0
1266105600,2010-02-14 00:00:00,1093.0,1127.15,1091.33,1118.95,172336,0,0
1266710400,2010-02-21 00:00:00,1118.7,1130.63,1088.2,1117.3,176320,0,0
1267315200,2010-02-28 00:00:00,1117.5,1144.85,1112.03,1134.28,160352,0,0
1267920000,2010-03-07 00:00:00,1134.3,1137.58,1098.15,1101.35,143815,0,0
1268524800,2010-03-14 00:00:00,1101.5,1133.05,1100.85,1106.5,127308,0,0
1269129600,2010-03-21 00:00:00,1107.47,1109.58,1084.95,1106.95,134729,0,0
1269734400,2010-03-28 00:00:00,1107.05,1127.95,1101.53,1123.22,89558,0,0
1270339200,2010-04-04 00:00:00,1126.08,1164.75,1119.7,1161.43,111558,0,0
1270944000,2010-04-11 00:00:00,1160.45,1169.6,1130.15,1136.95,125680,0,0
1271548800,2010-04-18 00:00:00,1133.83,1157.5,1123.68,1157.33,129621,0,0
1272153600,2010-04-25 00:00:00,1156.53,1181.6,1146.15,1178.55,129216,0,0
1272758400,2010-05-02 00:00:00,1177.95,1213.68,1157.15,1207.85,167770,0,0
1273363200,2010-05-09 00:00:00,1199.05,1249.25,1183.8,1231.65,183151,0,0
1273968000,2010-05-16 00:00:00,1230.6,1242.25,1165.95,1176.8,205185,0,0
1274572800,2010-05-23 00:00:00,1178.2,1218.3,1176.86,1213.96,144413,0,0
1275177600,2010-05-30 00:00:00,1212.28,1228.78,1196.32,1219.4,122808,0,0
1275782400,2010-06-06 00:00:00,1218.75,1252.03,1210.45,1226.1,150535,0,0
1276387200,2010-06-13 00:00:00,1227.84,1262.43,1215.97,1256.33,129501,0,0
1276992000,2010-06-20 00:00:00,1260.55,1265.03,1224.7,1255.1,140501,0,0
1277596800,2010-06-27 00:00:00,1254.0,1262.57,1196.25,1210.95,148243,0,0
1278201600,2010-07-04 00:00:00,1212.03,1214.3,1184.78,1211.4,117911,0,0
1278806400,2010-07-11 00:00:00,1211.45,1217.95,1185.93,1192.7,125115,0,0
1279411200,2010-07-18 00:00:00,1191.85,1203.89,1175.37,1188.83,134872,0,0
1280016000,2010-07-25 00:00:00,1187.94,1194.6,1156.75,1180.75,115208,0,0
1280620800,2010-08-01 00:00:00,1181.7,1210.6,1174.3,1205.0,106539,0,0
1281225600,2010-08-08 00:00:00,1204.15,1217.45,1190.47,1215.03,107612,0,0
1281830400,2010-08-15 00:00:00,1214.47,1237.31,1213.9,1227.55,93351,0,0
1282435200,2010-08-22 00:00:00,1227.22,1244.05,1210.0,1237.63,105748,0,0
1283040000,2010-08-29 00:00:00,1237.75,1254.47,1231.7,1246.4,105624,0,0
1283644800,2010-09-05 00:00:00,1247.38,1262.5,1236.53,1246.01,114387,0,0
1284249600,2010-09-12 00:00:00,1246.1,1282.65,1240.97,1273.7,134693,0,0
1284854400,2010-09-19 00:00:00,1277.97,1299.72,1270.65,1296.05,123021,0,0
1285459200,2010-09-26 00:00:00,1297.0,1320.51,1282.4,1318.5,121811,0,0
1286064000,2010-10-03 00:00:00,1317.25,1364.65,1312.2,1344.6,159323,0,0
1286668800,2010-10-10 00:00:00,1347.5,1387.07,1340.18,1368.1,165742,0,0
1287273600,2010-10-17 00:00:00,1367.93,1374.8,1314.9,1327.95,189153,0,0
1287878400,2010-10-24 00:00:00,1326.95,1359.15,1318.72,1358.9,181457,0,0
1288483200,2010-10-31 00:00:00,1359.03,1397.98,1325.48,1393.13,174575,0,0
1289088000,2010-11-07 00:00:00,1393.1,1424.25,1359.97,1368.3,240595,0,0
1289692800,2010-11-14 00:00:00,1369.98,1376.63,1329.44,1353.08,209305,0,0
1290297600,2010-11-21 00:00:00,1357.28,1382.35,1348.34,1362.85,160780,0,0
1290902400,2010-11-28 00:00:00,1363.85,1415.34,1352.99,1413.43,187697,0,0
1291507200,2010-12-05 00:00:00,1413.5,1431.03,1371.15,1385.5,196392,0,0
1292112000,2010-12-12 00:00:00,1386.0,1407.9,1361.25,1374.78,187931,0,0
1292716800,2010-12-19 00:00:00,1375.88,1392.0,1372.05,1384.38,97615,0,0
1293321600,2010-12-26 00:00:00,1383.18,1419.1,1372.25,1418.22,191552,0,0
1293926400,2011-01-02 00:00:00,1418.75,1423.7,1352.55,1369.08,170152,0,0
1294531200,2011-01-09 00:00:00,1369.43,1393.0,1354.96,1361.6,153460,0,0
1295136000,2011-01-16 00:00:00,1361.3,1379.18,1337.6,1342.28,139450,0,0
1295740800,2011-01-23 00:00:00,1343.63,1353.27,1308.07,1336.36,158315,0,0
1296345600,2011-01-30 00:00:00,1338.38,1358.0,1323.05,1348.6,147372,0,0
1296950400,2011-02-06 00:00:00,1347.1,1368.41,1343.35,1356.4,114637,0,0
1297555200,2011-02-13 00:00:00,1357.3,1391.8,1353.84,1389.63,110459,0,0
1298160000,2011-02-20 00:00:00,1389.93,1417.99,1389.74,1410.1,128170,0,0
1298764800,2011-02-27 00:00:00,1409.7,1440.07,1404.7,1430.38,192792,0,0
1299369600,2011-03-06 00:00:00,1434.4,1444.61,1402.99,1417.05,217689,0,0
1299974400,2011-03-13 00:00:00,1420.03,1432.76,1380.71,1418.32,499728,0,0
1300579200,2011-03-20 00:00:00,1424.2,1447.61,1419.41,1429.53,351719,0,0
1301184000,2011-03-27 00:00:00,1427.75,1439.38,1410.13,1428.34,164889,0,0
1301788800,2011-04-03 00:00:00,1428.41,1474.87,1427.71,1474.3,149532,0,0
1302393600,2011-04-10 00:00:00,1474.85,1488.06,1443.92,1486.35,211037,0,0
1302998400,2011-04-17 00:00:00,1486.13,1509.08,1477.32,1504.5,173629,0,0
1303603200,2011-04-24 00:00:00,1511.5,1569.25,1492.69,1562.9,185513,0,0
1304208000,2011-05-01 00:00:00,1567.03,1576.48,1462.35,1495.08,333381,0,0
1304812800,2011-05-08 00:00:00,1495.5,1526.44,1477.85,1494.7,281106,0,0
1305417600,2011-05-15 00:00:00,1494.32,1515.65,1471.77,1511.37,247460,0,0
1306022400,2011-05-22 00:00:00,1512.57,1538.18,1503.79,1535.93,213350,0,0
1306627200,2011-05-29 00:00:00,1536.45,1550.26,1519.4,1541.6,186488,0,0
1307232000,2011-06-05 00:00:00,1542.63,1553.44,1525.78,1530.82,181588,0,0
1307836800,2011-06-12 00:00:00,1530.65,1541.96,1510.73,1538.95,188571,0,0
1308441600,2011-06-19 00:00:00,1539.0,1558.07,1498.21,1502.14,182223,0,0
1309046400,2011-06-26 00:00:00,1502.3,1514.1,1478.04,1487.25,176243,0,0
1309651200,2011-07-03 00:00:00,1486.38,1545.38,1485.81,1543.7,140117,0,0
1310256000,2011-07-10 00:00:00,1544.15,1594.0,1540.56,1593.1,199179,0,0
1310860800,2011-07-17 00:00:00,1593.25,1609.98,1581.0,1600.75,205395,0,0
1311465600,2011-07-24 00:00:00,1609.0,1632.47,1602.81,1626.65,192467,0,0
1312070400,2011-07-31 00:00:00,1606.78,1681.96,1606.78,1663.11,289648,0,0
1312675200,2011-08-07 00:00:00,1683.45,1814.45,1682.25,1746.45,444634,0,0
1313280000,2011-08-14 00:00:00,1743.7,1877.48,1727.99,1851.55,286925,0,0
1313884800,2011-08-21 00:00:00,1860.92,1911.89,1702.67,1827.6,466177,0,0
1314489600,2011-08-28 00:00:00,1836.23,1884.46,1775.85,1882.6,319027,0,0
1315094400,2011-09-04 00:00:00,1877.55,1920.8,1792.74,1855.3,411122,0,0
1315699200,2011-09-11 00:00:00,1861.8,1862.05,1762.4,1811.35,394203,0,0
1316304000,2011-09-18 00:00:00,1817.64,1827.9,1628.58,1656.35,387869,0,0
1316908800,2011-09-25 00:00:00,1656.97,1677.0,1532.64,1623.5,445632,0,0
1317513600,2011-10-02 00:00:00,1619.95,1678.55,1595.65,1637.65,321824,0,0
1318118400,2011-10-09 00:00:00,1639.1,1692.0,1638.1,1680.4,255591,0,0
1318723200,2011-10-16 00:00:00,1682.18,1694.91,1603.72,1641.82,329305,0,0
1319328000,2011-10-23 00:00:00,1641.69,1752.35,1635.34,1743.1,301675,0,0
1319932800,2011-10-30 00:00:00,1743.45,1767.56,1681.0,1754.15,620508,0,0
1320537600,2011-11-06 00:00:00,1753.72,1802.54,1735.77,1788.08,282253,0,0
1321142400,2011-11-13 00:00:00,1787.84,1796.03,1710.4,1723.4,294435,0,0
1321747200,2011-11-20 00:00:00,1723.39,1726.36,1666.66,1680.25,275825,0,0
1322352000,2011-11-27 00:00:00,1684.08,1762.97,1682.63,1746.18,260531,0,0
1322956800,2011-12-04 00:00:00,1746.83,1755.85,1701.86,1710.8,261345,0,0
1323561600,2011-12-11 00:00:00,1712.36,1714.35,1560.0,1598.45,290679,0,0
1324166400,2011-12-18 00:00:00,1598.88,1641.38,1583.15,1606.36,186089,0,0
1324771200,2011-12-25 00:00:00,1607.13,1607.13,1522.35,1564.16,156190,0,0
1325376000,2012-01-01 00:00:00,1565.15,1631.07,1565.15,1616.87,157697,0,0
1325980800,2012-01-08 00:00:00,1614.85,1661.75,1604.55,1639.2,198345,0,0
1326585600,2012-01-15 00:00:00,1634.7,1669.87,1631.57,1665.9,156240,0,0
1327190400,2012-01-22 00:00:00,1663.8,1739.58,1648.82,1738.24,190411,0,0
1327795200,2012-01-29 00:00:00,1736.17,1762.96,1716.14,1725.43,228441,0,0
1328400000,2012-02-05 00:00:00,1727.73,1751.98,1704.45,1721.35,176038,0,0
1329004800,2012-02-12 00:00:00,1725.9,1737.05,1704.9,1723.2,183482,0,0
1329609600,2012-02-19 00:00:00,1726.45,1787.04,1725.72,1771.9,174854,0,0
1330214400,2012-02-26 00:00:00,1774.5,1790.42,1686.7,1712.03,198156,0,0
1330819200,2012-03-04 00:00:00,1710.98,1716.58,1662.63,1713.32,700416,0,0
1331424000,2012-03-11 00:00:00,1713.86,1713.97,1634.33,1659.5,791801,0,0
1332028800,2012-03-18 00:00:00,1658.44,1669.62,1627.78,1661.54,687892,0,0
1332633600,2012-03-25 00:00:00,1662.06,1697.03,1644.93,1667.85,293739,0,0
1333238400,2012-04-01 00:00:00,1669.71,1683.43,1611.8,1630.06,902917,0,0
1333843200,2012-04-08 00:00:00,1642.35,1680.03,1631.69,1658.07,637928,0,0
1334448000,2012-04-15 00:00:00,1654.33,1657.73,1630.86,1642.9,392168,0,0
1335052800,2012-04-22 00:00:00,1641.63,1667.53,1623.13,1662.65,359141,0,0
1335657600,2012-04-29 00:00:00,1662.17,1671.45,1626.58,1641.55,308542,0,0
1336262400,2012-05-06 00:00:00,1641.95,1642.5,1572.68,1579.12,412747,0,0
1336867200,2012-05-13 00:00:00,1584.36,1597.5,1526.87,1592.77,439617,0,0
1337472000,2012-05-20 00:00:00,1590.28,1599.06,1533.23,1572.33,427396,0,0
1338076800,2012-05-27 00:00:00,1573.8,1629.83,1531.61,1623.68,408298,0,0
1338681600,2012-06-03 00:00:00,1625.24,1640.73,1553.45,1592.71,482638,0,0
1339286400,2012-06-10 00:00:00,1547.55,1633.75,1547.55,1626.66,421068,0,0
1339891200,2012-06-17 00:00:00,1628.7,1633.28,1558.05,1572.12,347037,0,0
1340496000,2012-06-24 00:00:00,1572.02,1607.03,1547.75,1597.14,271475,0,0
1341100800,2012-07-01 00:00:00,1598.61,1624.83,1576.18,1583.55,269573,0,0
1341705600,2012-07-08 00:00:00,1581.79,1601.4,1554.75,1589.04,263199,0,0
1342310400,2012-07-15 00:00:00,1590.88,1598.93,1567.58,1583.92,276232,0,0
1342915200,2012-07-22 00:00:00,1581.17,1629.36,1562.96,1622.86,331932,0,0
1343520000,2012-07-29 00:00:00,1623.23,1627.87,1583.95,1603.13,318814,0,0
1344124800,2012-08-05 00:00:00,1604.37,1626.35,1602.09,1619.64,233402,0,0
1344729600,2012-08-12 00:00:00,1620.37,1625.48,1589.74,1615.27,255511,0,0
1345334400,2012-08-19 00:00:00,1615.4,1674.8,1609.55,1670.14,267015,0,0
1345939200,2012-08-26 00:00:00,1671.94,1692.76,1645.79,1691.31,249122,0,0
1346544000,2012-09-02 00:00:00,1690.65,1742.15,1685.3,1735.27,297044,0,0
1347148800,2012-09-09 00:00:00,1735.06,1777.61,1718.08,1770.04,283212,0,0
1347753600,2012-09-16 00:00:00,1770.82,1787.4,1751.99,1772.58,211916,0,0
1348358400,2012-09-23 00:00:00,1771.83,1783.09,1736.25,1771.9,185729,0,0
1348963200,2012-09-30 00:00:00,1770.81,1795.73,1763.19,1780.32,266194,0,0
1349568000,2012-10-07 00:00:00,1779.62,1780.03,1752.02,1753.31,271688,0,0
1350172800,2012-10-14 00:00:00,1754.55,1754.55,1715.87,1721.39,267995,0,0
1350777600,2012-10-21 00:00:00,1720.21,1729.98,1698.38,1710.95,237155,0,0
1351382400,2012-10-28 00:00:00,1711.75,1726.83,1674.42,1677.36,162098,0,0
1351987200,2012-11-04 00:00:00,1676.02,1738.32,1672.46,1730.66,306238,0,0
1352592000,2012-11-11 00:00:00,1731.37,1737.77,1704.79,1713.43,240123,0,0
1353196800,2012-11-18 00:00:00,1714.47,1754.1,1713.98,1751.41,256010,0,0
1353801600,2012-11-25 00:00:00,1751.08,1751.96,1705.7,1714.48,336340,0,0
1354406400,2012-12-02 00:00:00,1713.16,1722.42,1683.46,1703.94,294674,0,0
1355011200,2012-12-09 00:00:00,1703.65,1723.23,1689.28,1695.51,383482,0,0
1355616000,2012-12-16 00:00:00,1696.78,1702.99,1635.39,1656.75,416913,0,0
1356220800,2012-12-23 00:00:00,1656.67,1667.88,1651.76,1655.58,193435,0,0
1356825600,2012-12-30 00:00:00,1654.92,1694.74,1625.53,1655.25,317884,0,0
1357430400,2013-01-06 00:00:00,1656.14,1678.65,1642.6,1662.34,479339,0,0
1358035200,2013-01-13 00:00:00,1661.77,1696.95,1659.69,1683.73,438666,0,0
1358640000,2013-01-20 00:00:00,1686.08,1695.88,1655.72,1658.39,371464,0,0
1359244800,2013-01-27 00:00:00,1658.67,1683.66,1651.72,1666.65,407211,0,0
1359849600,2013-02-03 00:00:00,1668.23,1684.76,1661.54,1666.85,410873,0,0
1360454400,2013-02-10 00:00:00,1667.25,1669.38,1597.81,1609.66,441371,0,0
1361059200,2013-02-17 00:00:00,1609.31,1618.66,1554.85,1581.55,485712,0,0
1361664000,2013-02-24 00:00:00,1579.46,1619.87,1564.71,1575.51,448021,0,0
1362268800,2013-03-03 00:00:00,1578.29,1586.24,1561.3,1577.86,416584,0,0
1362873600,2013-03-10 00:00:00,1578.05,1598.97,1575.3,1591.62,310071,0,0
1363478400,2013-03-17 00:00:00,1603.68,1616.77,1590.79,1608.38,323876,0,0
1364083200,2013-03-24 00:00:00,1608.31,1613.42,1589.55,1598.7,252928,0,0
1364688000,2013-03-31 00:00:00,1597.14,1603.69,1539.93,1580.78,344331,0,0
1365292800,2013-04-07 00:00:00,1580.57,1590.16,1480.78,1481.95,355805,0,0
1365897600,2013-04-14 00:00:00,1481.36,1495.35,1321.34,1403.25,759643,0,0
1366502400,2013-04-21 00:00:00,1408.18,1485.12,1403.67,1461.83,545114,0,0
1367107200,2013-04-28 00:00:00,1465.93,1487.81,1440.17,1470.24,418192,0,0
1367712000,2013-05-05 00:00:00,1470.15,1478.76,1419.49,1448.13,498672,0,0
1368316800,2013-05-12 00:00:00,1448.51,1448.83,1355.01,1359.53,620574,0,0
1368921600,2013-05-19 00:00:00,1362.94,1414.22,1337.75,1386.08,519925,0,0
1369526400,2013-05-26 00:00:00,1387.35,1421.74,1373.39,1387.33,332258,0,0
1370131200,2013-06-02 00:00:00,1388.99,1423.67,1377.56,1382.38,310217,0,0
1370736000,2013-06-09 00:00:00,1382.94,1394.7,1365.8,1390.22,313543,0,0
1371340800,2013-06-16 00:00:00,1390.64,1391.73,1269.19,1296.07,436152,0,0
1371945600,2013-06-23 00:00:00,1297.32,1301.29,1180.11,1234.1,499171,0,0
1372550400,2013-06-30 00:00:00,1233.23,1267.17,1208.03,1222.68,396554,0,0
1373155200,2013-07-07 00:00:00,1222.11,1298.55,1215.51,1285.11,444140,0,0
1373760000,2013-07-14 00:00:00,1284.83,1300.15,1270.08,1295.6,346652,0,0
1374364800,2013-07-21 00:00:00,1296.47,1347.4,1295.9,1332.75,385964,0,0
1374969600,2013-07-28 00:00:00,1332.92,1338.95,1283.02,1311.54,418617,0,0
1375574400,2013-08-04 00:00:00,1312.28,1320.52,1272.6,1313.98,244359,0,0
1376179200,2013-08-11 00:00:00,1315.17,1379.31,1314.27,1375.95,252173,0,0
1376784000,2013-08-18 00:00:00,1378.38,1399.74,1352.16,1397.33,262507,0,0
1377388800,2013-08-25 00:00:00,1398.42,1433.51,1389.33,1394.58,292048,0,0
1377993600,2013-09-01 00:00:00,1392.9,1416.14,1358.53,1391.23,211417,0,0
1378598400,2013-09-08 00:00:00,1392.19,1392.45,1304.76,1325.83,201984,0,0
1379203200,2013-09-15 00:00:00,1334.54,1374.98,1291.64,1325.23,265150,0,0
1379808000,2013-09-22 00:00:00,1326.13,1343.89,1305.56,1336.75,238369,0,0
1380412800,2013-09-29 00:00:00,1341.73,1351.91,1277.43,1310.48,253083,0,0
1381017600,2013-10-06 00:00:00,1311.33,1329.78,1261.22,1271.73,317553,0,0
1381622400,2013-10-13 00:00:00,1276.04,1326.48,1251.58,1315.8,330012,0,0
1382227200,2013-10-20 00:00:00,1316.02,1355.78,1309.97,1350.23,229031,0,0
1382832000,2013-10-27 00:00:00,1353.03,1361.6,1306.08,1315.68,293304,0,0
1383436800,2013-11-03 00:00:00,1313.36,1325.93,1281.11,1288.08,234415,0,0
1384041600,2013-11-10 00:00:00,1287.27,1294.11,1261.31,1289.73,239339,0,0
1384646400,2013-11-17 00:00:00,1289.2,1289.44,1236.56,1243.08,254246,0,0
1385251200,2013-11-24 00:00:00,1242.21,1257.93,1227.74,1251.33,186665,0,0
1385856000,2013-12-01 00:00:00,1250.62,1251.27,1211.5,1228.53,268303,0,0
1386460800,2013-12-08 00:00:00,1229.99,1267.76,1220.4,1238.13,245181,0,0
1387065600,2013-12-15 00:00:00,1237.78,1251.82,1187.08,1202.73,284887,0,0
1387670400,2013-12-22 00:00:00,1202.62,1218.71,1192.66,1212.73,102739,0,0
1388275200,2013-12-29 00:00:00,1213.89,1240.04,1182.16,1236.58,174122,0,0
1388880000,2014-01-05 00:00:00,1236.85,1248.91,1217.57,1247.98,245173,0,0
1389484800,2014-01-12 00:00:00,1247.69,1255.16,1234.11,1253.62,207309,0,0
1390089600,2014-01-19 00:00:00,1252.66,1272.41,1231.33,1269.63,213552,0,0
1390694400,2014-01-26 00:00:00,1269.65,1278.83,1237.94,1243.88,241003,0,0
1391299200,2014-02-02 00:00:00,1242.35,1274.09,1240.67,1266.76,227282,0,0
1391904000,2014-02-09 00:00:00,1265.1,1321.03,1264.93,1318.31,353037,0,0
1392508800,2014-02-16 00:00:00,1320.07,1334.02,1307.21,1323.86,347023,0,0
1393113600,2014-02-23 00:00:00,1324.9,1345.25,1318.57,1325.78,245261,0,0
1393718400,2014-03-02 00:00:00,1332.05,1354.63,1328.76,1339.53,283700,0,0
1394323200,2014-03-09 00:00:00,1339.57,1387.77,1327.94,1382.26,333133,0,0
1394928000,2014-03-16 00:00:00,1382.24,1392.07,1320.45,1334.31,354471,0,0
1395532800,2014-03-23 00:00:00,1332.83,1334.74,1285.6,1294.81,251549,0,0
1396137600,2014-03-30 00:00:00,1294.81,1306.7,1277.53,1302.91,185218,0,0
1396742400,2014-04-06 00:00:00,1303.52,1324.45,1295.39,1318.07,182082,0,0
1397347200,2014-04-13 00:00:00,1320.96,1330.91,1286.32,1294.86,165873,0,0
1397952000,2014-04-20 00:00:00,1298.06,1304.89,1268.23,1302.71,199630,0,0
1398556800,2014-04-27 00:00:00,1302.49,1306.37,1275.34,1298.91,186326,0,0
1399161600,2014-05-04 00:00:00,1300.0,1315.42,1284.93,1288.51,184977,0,0
1399766400,2014-05-11 00:00:00,1289.24,1308.92,1277.95,1293.01,173241,0,0
1400371200,2014-05-18 00:00:00,1292.52,1305.28,1283.16,1292.26,186400,0,0
1400976000,2014-05-25 00:00:00,1293.18,1301.79,1242.12,1249.21,163326,0,0
1401580800,2014-06-01 00:00:00,1249.9,1257.6,1240.45,1252.66,145863,0,0
1402185600,2014-06-08 00:00:00,1252.47,1277.78,1250.13,1276.86,129765,0,0
1402790400,2014-06-15 00:00:00,1275.77,1321.83,1258.67,1314.46,182370,0,0
1403395200,2014-06-22 00:00:00,1314.21,1325.75,1306.08,1315.71,159197,0,0
1404000000,2014-06-29 00:00:00,1315.56,1332.27,1309.2,1319.44,146991,0,0
1404604800,2014-07-06 00:00:00,1320.23,1345.02,1311.26,1338.06,135963,0,0
1405209600,2014-07-13 00:00:00,1338.38,1339.37,1291.98,1309.93,166324,0,0
1405814400,2014-07-20 00:00:00,1310.92,1318.26,1287.55,1306.71,117488,45,0
1406419200,2014-07-27 00:00:00,1307.21,1312.04,1280.15,1293.53,126755,45,0
1407024000,2014-08-03 00:00:00,1293.57,1322.54,1282.36,1309.22,126482,35,0
1407628800,2014-08-10 00:00:00,1308.54,1319.21,1292.39,1304.38,232634,0,0
1408233600,2014-08-17 00:00:00,1302.15,1303.51,1272.83,1279.98,194217,0,0
1408838400,2014-08-24 00:00:00,1279.72,1296.34,1274.32,1286.66,138313,0,0
1409443200,2014-08-31 00:00:00,1285.97,1289.73,1257.09,1268.73,153255,0,0
1410048000,2014-09-07 00:00:00,1267.43,1271.6,1227.43,1229.1,144972,0,0
1410652800,2014-09-14 00:00:00,1226.77,1242.03,1213.62,1215.96,181121,0,0
1411257600,2014-09-21 00:00:00,1214.53,1234.9,1206.79,1217.67,174163,0,0
1411862400,2014-09-28 00:00:00,1217.77,1223.16,1189.86,1191.47,179221,0,0
1412467200,2014-10-05 00:00:00,1190.52,1233.18,1182.89,1222.95,181890,0,0
1413072000,2014-10-12 00:00:00,1223.17,1249.65,1221.74,1238.1,217780,0,0
1413676800,2014-10-19 00:00:00,1237.9,1255.07,1226.16,1230.66,145890,0,0
1414281600,2014-10-26 00:00:00,1228.12,1235.23,1161.0,1172.46,168432,0,0
1414886400,2014-11-02 00:00:00,1170.65,1178.47,1131.65,1177.06,218823,0,0
1415491200,2014-11-09 00:00:00,1176.62,1193.44,1145.98,1188.29,249015,0,0
1416096000,2014-11-16 00:00:00,1185.4,1207.65,1175.0,1201.09,256608,0,0
1416700800,2014-11-23 00:00:00,1199.89,1204.14,1165.04,1168.41,174037,0,0
1417305600,2014-11-30 00:00:00,1159.1,1220.98,1142.63,1192.21,283605,0,0
1417910400,2014-12-07 00:00:00,1189.78,1238.07,1186.96,1222.34,264340,35,0
1418515200,2014-12-14 00:00:00,1219.96,1224.12,1183.44,1195.4,276479,39,0
1419120000,2014-12-21 00:00:00,1195.61,1203.16,1170.55,1195.8,102165,39,0
1419724800,2014-12-28 00:00:00,1193.76,1210.49,1167.25,1188.49,131129,39,0
1420329600,2015-01-04 00:00:00,1187.24,1223.83,1177.87,1222.6,214982,39,0
1420934400,2015-01-11 00:00:00,1222.61,1281.97,1217.35,1280.11,336530,39,0
1421539200,2015-01-18 00:00:00,1279.77,1307.47,1271.85,1293.9,369371,39,0
1422144000,2015-01-25 00:00:00,1292.02,1298.95,1251.79,1283.41,347615,39,0
1422748800,2015-02-01 00:00:00,1281.34,1285.6,1228.19,1233.49,341931,35,0
1423353600,2015-02-08 00:00:00,1235.66,1245.7,1216.34,1229.3,252902,35,0
1423958400,2015-02-15 00:00:00,1226.79,1236.51,1197.44,1201.98,214124,35,0
1424563200,2015-02-22 00:00:00,1202.74,1219.85,1190.13,1213.01,216332,33,0
1425168000,2015-03-01 00:00:00,1212.89,1223.09,1163.65,1167.46,278134,29,0
1425772800,2015-03-08 00:00:00,1169.13,1175.2,1147.45,1157.29,294914,33,0
1426377600,2015-03-15 00:00:00,1157.71,1187.87,1142.65,1182.34,324561,33,0
1426982400,2015-03-22 00:00:00,1182.52,1219.59,1179.21,1198.39,294393,33,0
1427587200,2015-03-29 00:00:00,1197.44,1208.49,1178.31,1202.39,218820,33,0
1428192000,2015-04-05 00:00:00,1212.71,1224.09,1192.48,1207.29,261559,33,0
1428796800,2015-04-12 00:00:00,1206.38,1209.39,1183.89,1203.87,310366,33,0
1429401600,2015-04-19 00:00:00,1204.67,1209.08,1175.09,1179.3,274923,33,0
1430006400,2015-04-26 00:00:00,1178.66,1214.94,1170.16,1178.32,306582,33,0
1430611200,2015-05-03 00:00:00,1176.89,1199.79,1176.89,1188.27,273623,33,0
1431216000,2015-05-10 00:00:00,1188.34,1227.21,1178.82,1223.77,305393,33,0
1431820800,2015-05-17 00:00:00,1223.29,1232.22,1201.29,1205.98,280656,33,0
1432425600,2015-05-24 00:00:00,1204.61,1208.56,1180.21,1190.05,249668,29,0
1433030400,2015-05-31 00:00:00,1188.29,1204.19,1162.69,1171.48,287645,33,0
1433635200,2015-06-07 00:00:00,1170.7,1192.21,1169.11,1181.32,265366,33,0
1434240000,2015-06-14 00:00:00,1180.67,1205.63,1172.71,1199.9,239405,33,0
1434844800,2015-06-21 00:00:00,1198.99,1200.95,1168.28,1175.17,212932,33,0
1435449600,2015-06-28 00:00:00,1184.17,1188.01,1156.94,1168.07,276289,33,0
1436054400,2015-07-05 00:00:00,1174.44,1175.01,1147.11,1163.1,320405,33,0
1436659200,2015-07-12 00:00:00,1163.13,1164.7,1131.01,1133.9,248407,33,0
1437264000,2015-07-19 00:00:00,1132.78,1133.33,1071.93,1098.98,365361,33,0
1437868800,2015-07-26 00:00:00,1098.49,1104.93,1079.95,1095.5,347005,33,0
1438473600,2015-08-02 00:00:00,1095.56,1099.42,1080.9,1093.94,327234,33,0
1439078400,2015-08-09 00:00:00,1094.6,1126.66,1089.53,1114.62,385299,33,0
1439683200,2015-08-16 00:00:00,1114.1,1168.16,1109.52,1159.79,377826,33,0
1440288000,2015-08-23 00:00:00,1160.34,1169.97,1117.67,1133.45,553670,33,0
1440892800,2015-08-30 00:00:00,1133.14,1147.8,1116.58,1121.83,397622,33,0
1441497600,2015-09-06 00:00:00,1123.56,1126.64,1098.67,1107.57,319896,33,0
1442102400,2015-09-13 00:00:00,1106.89,1141.62,1102.47,1138.88,319711,33,0
1442707200,2015-09-20 00:00:00,1139.12,1156.61,1121.25,1146.07,338133,33,0
1443312000,2015-09-27 00:00:00,1144.49,1148.09,1104.54,1138.35,372358,33,0
1443916800,2015-10-04 00:00:00,1136.64,1159.57,1130.02,1156.33,361214,33,0
1444521600,2015-10-11 00:00:00,1155.32,1191.47,1151.7,1177.1,407226,33,0
1445126400,2015-10-18 00:00:00,1175.99,1180.73,1158.84,1164.19,422461,33,0
1445731200,2015-10-25 00:00:00,1163.7,1182.82,1139.18,1141.78,424102,33,0
1446336000,2015-11-01 00:00:00,1140.84,1142.87,1085.35,1089.1,388324,33,0
1446940800,2015-11-08 00:00:00,1089.04,1095.62,1073.97,1083.63,356994,33,0
1447545600,2015-11-15 00:00:00,1088.28,1097.97,1064.5,1077.9,446439,33,0
1448150400,2015-11-22 00:00:00,1076.69,1081.03,1052.59,1058.96,332626,33,0
1448755200,2015-11-29 00:00:00,1057.58,1088.76,1046.29,1085.66,428621,33,0
1449360000,2015-12-06 00:00:00,1085.83,1086.57,1062.32,1074.59,422717,28,0
1449964800,2015-12-13 00:00:00,1073.25,1078.28,1047.57,1066.11,418246,29,0
1450569600,2015-12-20 00:00:00,1065.61,1081.67,1063.76,1076.32,200415,33,0
1451174400,2015-12-27 00:00:00,1075.07,1076.83,1058.08,1061.89,191634,33,0
1451779200,2016-01-03 00:00:00,1062.3,1113.04,1061.68,1103.93,455119,28,0
1452384000,2016-01-10 00:00:00,1103.77,1108.44,1071.32,1088.58,519705,33,0
1452988800,2016-01-17 00:00:00,1089.12,1109.49,1082.39,1097.43,524019,33,0
1453593600,2016-01-24 00:00:00,1097.34,1127.95,1097.09,1117.99,386436,28,0
1454198400,2016-01-31 00:00:00,1117.38,1174.4,1115.37,1173.07,508068,40,0
1454803200,2016-02-07 00:00:00,1172.8,1263.28,1164.18,1237.63,695002,40,0
1455408000,2016-02-14 00:00:00,1235.41,1239.86,1190.76,1226.9,596180,40,0
1456012800,2016-02-21 00:00:00,1225.64,1253.2,1201.8,1222.48,665526,40,0
1456617600,2016-02-28 00:00:00,1222.27,1279.69,1215.57,1259.13,603186,40,0
1457222400,2016-03-06 00:00:00,1259.48,1283.22,1236.94,1250.26,649145,40,0
1457827200,2016-03-13 00:00:00,1250.0,1270.81,1225.56,1255.11,561429,40,0
1458432000,2016-03-20 00:00:00,1254.12,1260.04,1212.49,1217.07,410966,40,0
1459036800,2016-03-27 00:00:00,1215.55,1243.92,1208.21,1222.01,540372,40,0
1459641600,2016-04-03 00:00:00,1220.68,1243.13,1214.47,1239.92,625848,40,0
1460246400,2016-04-10 00:00:00,1239.53,1262.51,1223.7,1233.63,606722,40,0
1460851200,2016-04-17 00:00:00,1234.09,1270.12,1227.27,1231.81,623992,40,0
1461456000,2016-04-24 00:00:00,1232.89,1296.56,1229.88,1293.25,583357,40,0
1462060800,2016-05-01 00:00:00,1290.37,1303.58,1268.72,1288.39,669301,40,0
1462665600,2016-05-08 00:00:00,1284.33,1287.41,1256.73,1273.19,649140,40,0
1463270400,2016-05-15 00:00:00,1271.58,1288.59,1243.64,1251.88,675778,40,0
1463875200,2016-05-22 00:00:00,1250.86,1255.89,1206.61,1212.63,595857,40,0
1464480000,2016-05-29 00:00:00,1212.64,1244.61,1199.59,1244.58,548531,40,0
1465084800,2016-06-05 00:00:00,1242.68,1278.03,1234.67,1273.79,556007,40,0
1465689600,2016-06-12 00:00:00,1275.18,1315.47,1272.28,1298.32,641341,40,0
1466294400,2016-06-19 00:00:00,1289.41,1358.2,1249.58,1315.37,639492,40,0
1466899200,2016-06-26 00:00:00,1319.5,1344.43,1305.23,1341.99,397053,40,0
1467504000,2016-07-03 00:00:00,1341.59,1375.0,1335.09,1366.58,603795,40,0
1468108800,2016-07-10 00:00:00,1367.44,1374.99,1320.06,1337.22,663303,40,0
1468713600,2016-07-17 00:00:00,1332.11,1337.72,1310.7,1321.87,618538,40,0
1469318400,2016-07-24 00:00:00,1322.72,1354.88,1312.14,1350.75,561592,40,0
1469923200,2016-07-31 00:00:00,1349.61,1367.14,1334.56,1336.23,548974,40,0
1470528000,2016-08-07 00:00:00,1335.18,1357.13,1329.75,1335.92,526491,40,0
1471132800,2016-08-14 00:00:00,1338.0,1357.89,1335.63,1341.4,511678,40,0
1471737600,2016-08-21 00:00:00,1340.49,1344.59,1317.81,1320.89,501048,40,0
1472342400,2016-08-28 00:00:00,1320.54,1329.98,1302.34,1324.67,445246,40,0
1472947200,2016-09-04 00:00:00,1324.11,1352.46,1321.63,1327.71,474604,40,0
1473552000,2016-09-11 00:00:00,1327.89,1331.84,1306.1,1309.75,470087,40,0
1474156800,2016-09-18 00:00:00,1309.65,1343.53,1307.77,1337.15,453483,40,0
1474761600,2016-09-25 00:00:00,1336.59,1342.0,1313.11,1315.75,542528,40,0
1475366400,2016-10-02 00:00:00,1318.09,1319.5,1241.26,1256.39,542508,40,0
1475971200,2016-10-09 00:00:00,1256.29,1264.78,1245.95,1250.44,508228,40,0
1476576000,2016-10-16 00:00:00,1250.99,1274.54,1250.1,1266.36,377443,40,0
1477180800,2016-10-23 00:00:00,1264.77,1284.05,1260.27,1275.94,429137,40,0
1477785600,2016-10-30 00:00:00,1277.27,1307.84,1271.08,1304.47,491305,40,0
1478390400,2016-11-06 00:00:00,1292.59,1337.12,1218.86,1227.17,870260,40,0
1478995200,2016-11-13 00:00:00,1227.06,1232.89,1202.8,1208.07,683358,40,0
1479600000,2016-11-20 00:00:00,1207.37,1220.87,1170.74,1183.83,523771,40,0
1480204800,2016-11-27 00:00:00,1184.31,1197.47,1160.58,1176.72,652033,40,0
1480809600,2016-12-04 00:00:00,1180.12,1187.91,1156.09,1159.93,614851,40,0
1481414400,2016-12-11 00:00:00,1158.56,1165.69,1122.66,1134.51,627968,40,0
1482019200,2016-12-18 00:00:00,1132.97,1142.23,1125.6,1133.54,408454,40,0
1482624000,2016-12-25 00:00:00,1133.68,1163.09,1131.49,1152.24,268076,40,0
1483228800,2017-01-01 00:00:00,1149.71,1184.91,1145.92,1172.3,541869,40,0
1483833600,2017-01-08 00:00:00,1171.67,1206.81,1171.52,1197.21,659504,40,0
1484438400,2017-01-15 00:00:00,1199.01,1218.71,1195.73,1208.93,485962,40,0
1485043200,2017-01-22 00:00:00,1208.5,1219.98,1180.41,1190.96,504769,40,0
1485648000,2017-01-29 00:00:00,1191.59,1225.17,1188.14,1219.96,847266,40,35496399999645036
1486252800,2017-02-05 00:00:00,1219.44,1244.59,1219.03,1233.29,1427109,40,142704599998572954
1486857600,2017-02-12 00:00:00,1232.2,1243.64,1216.56,1234.76,1359346,40,135934599998640654
1487462400,2017-02-19 00:00:00,1235.01,1259.97,1225.96,1256.92,1105790,40,110578999998894210
1488067200,2017-02-26 00:00:00,1257.72,1263.74,1222.76,1234.55,1386472,40,138647199998613528
1488672000,2017-03-05 00:00:00,1233.13,1236.7,1194.84,1204.5,1189862,40,118986199998810138
1489276800,2017-03-12 00:00:00,1204.67,1233.61,1197.07,1228.71,1120892,40,112089199998879108
1489881600,2017-03-19 00:00:00,1228.96,1253.15,1226.76,1244.54,1137413,0,112668999998873310
1490486400,2017-03-26 00:00:00,1245.57,1260.92,1239.54,1248.43,1083158,40,108315799998916842
1491091200,2017-04-02 00:00:00,1249.66,1270.4,1243.56,1253.64,1160536,40,116053599998839464
1491696000,2017-04-09 00:00:00,1253.54,1288.45,1246.99,1286.99,955229,39,95522899999044771
1492300800,2017-04-16 00:00:00,1290.23,1295.38,1273.9,1283.78,1122743,39,112274299998877257
1492905600,2017-04-23 00:00:00,1276.02,1278.0,1259.89,1267.76,1135760,39,113575999998863963
1493510400,2017-04-30 00:00:00,1267.3,1271.06,1225.59,1227.06,970617,39,97061699999029221
1494115200,2017-05-07 00:00:00,1221.57,1236.43,1214.17,1227.91,1018913,40,101891299998980921
1494720000,2017-05-14 00:00:00,1227.84,1264.93,1226.83,1255.19,1481938,40,148193799998518030
1495324800,2017-05-21 00:00:00,1256.85,1269.31,1247.77,1266.66,1296813,40,129681299998703163
1495929600,2017-05-28 00:00:00,1267.6,1279.33,1258.89,1278.44,1088276,40,108770199998912298
1496534400,2017-06-04 00:00:00,1279.01,1295.97,1264.5,1266.35,1412934,40,141293399998587066
1497139200,2017-06-11 00:00:00,1267.06,1280.89,1251.29,1253.3,1426053,40,142605299998573947
1497744000,2017-06-18 00:00:00,1253.98,1258.73,1240.74,1256.56,1363960,40,136395999998636040
1498348800,2017-06-25 00:00:00,1257.03,1257.99,1235.74,1241.25,1613087,40,161308699998386913
1498953600,2017-07-02 00:00:00,1241.39,1242.58,1207.16,1212.59,1401196,40,140119599998598804
1499558400,2017-07-09 00:00:00,1212.03,1232.73,1204.67,1228.53,1264795,40,126479499998735205
1500163200,2017-07-16 00:00:00,1228.71,1255.58,1228.14,1254.7,1304406,40,130440499998695595
1500768000,2017-07-23 00:00:00,1255.32,1270.69,1243.65,1269.07,1467712,40,146771199998532288
1501372800,2017-07-30 00:00:00,1270.08,1273.96,1254.07,1258.62,1431314,40,143131299998568687
1501977600,2017-08-06 00:00:00,1257.79,1292.06,1251.36,1288.8,900551,40,0
1502582400,2017-08-13 00:00:00,1289.93,1300.65,1267.15,1284.23,1075696,40,0
1503187200,2017-08-20 00:00:00,1283.38,1294.6,1275.96,1290.94,780813,40,0
1503792000,2017-08-27 00:00:00,1291.85,1328.7,1291.71,1324.87,968729,40,0
1504396800,2017-09-03 00:00:00,1334.03,1357.41,1326.18,1346.13,935464,40,0
1505001600,2017-09-10 00:00:00,1336.89,1339.91,1315.56,1319.93,696351,40,0
1505606400,2017-09-17 00:00:00,1319.12,1319.78,1287.97,1296.8,716974,40,0
1506211200,2017-09-24 00:00:00,1297.05,1313.49,1275.9,1278.59,806165,40,0
1506816000,2017-10-01 00:00:00,1278.41,1282.04,1260.43,1276.13,664186,40,0
1507420800,2017-10-08 00:00:00,1274.93,1303.62,1274.93,1303.24,708692,40,0
1508025600,2017-10-15 00:00:00,1302.56,1305.85,1276.33,1280.37,716427,40,0
1508630400,2017-10-22 00:00:00,1279.01,1283.49,1263.46,1273.71,774104,40,0
1509235200,2017-10-29 00:00:00,1272.75,1284.01,1265.29,1269.43,657904,0,0
1509840000,2017-11-05 00:00:00,1269.18,1288.38,1265.88,1275.39,706662,40,0
1510444800,2017-11-12 00:00:00,1274.84,1296.8,1269.81,1293.94,762925,40,0
1511049600,2017-11-19 00:00:00,1292.84,1294.64,1274.28,1288.17,680054,40,0
1511654400,2017-11-26 00:00:00,1288.64,1299.06,1270.16,1280.14,850669,40,0
1512259200,2017-12-03 00:00:00,1274.1,1277.14,1243.73,1247.95,849265,40,0
1512864000,2017-12-10 00:00:00,1247.05,1261.72,1236.33,1254.96,751858,40,0
1513468800,2017-12-17 00:00:00,1254.49,1275.94,1252.64,1274.88,817154,40,0
1514073600,2017-12-24 00:00:00,1277.85,1307.41,1276.9,1302.42,526402,40,0
1514678400,2017-12-31 00:00:00,1309.57,1325.88,1305.73,1319.05,637713,40,0
1515283200,2018-01-07 00:00:00,1321.53,1339.2,1308.09,1337.39,954683,40,0
1515888000,2018-01-14 00:00:00,1336.43,1344.56,1324.08,1331.22,1069285,40,0
1516492800,2018-01-21 00:00:00,1333.81,1365.89,1328.23,1349.97,1185410,0,0
1517097600,2018-01-28 00:00:00,1349.72,1352.28,1327.34,1332.78,1301019,30,0
1517702400,2018-02-04 00:00:00,1331.84,1346.02,1306.96,1315.96,1816537,30,0
1518307200,2018-02-11 00:00:00,1314.87,1361.61,1314.03,1347.03,1306264,30,0
1518912000,2018-02-18 00:00:00,1347.23,1351.27,1320.85,1328.78,1160560,30,0
1519516800,2018-02-25 00:00:00,1328.04,1340.9,1302.69,1322.17,1320181,30,0
1520121600,2018-03-04 00:00:00,1323.68,1340.37,1312.79,1323.14,1279902,30,0
1520726400,2018-03-11 00:00:00,1323.44,1329.91,1309.56,1313.65,527758,30,0
1521331200,2018-03-18 00:00:00,1313.13,1350.11,1307.11,1346.74,599768,0,0
1521936000,2018-03-25 00:00:00,1347.1,1356.74,1321.12,1324.94,494854,30,0
1522540800,2018-04-01 00:00:00,1325.6,1348.16,1319.62,1332.9,641784,30,0
1523145600,2018-04-08 00:00:00,1334.33,1365.14,1326.75,1344.87,669047,30,0
1523750400,2018-04-15 00:00:00,1346.58,1355.59,1334.87,1335.53,616605,30,0
1524355200,2018-04-22 00:00:00,1333.84,1335.38,1315.15,1323.3,569228,30,0
1524960000,2018-04-29 00:00:00,1322.44,1325.79,1301.64,1314.77,578301,30,0
1525564800,2018-05-06 00:00:00,1314.88,1325.82,1304.18,1318.05,580750,30,0
1526169600,2018-05-13 00:00:00,1318.15,1322.23,1284.9,1292.87,506687,30,0
1526774400,2018-05-20 00:00:00,1290.65,1307.68,1281.96,1301.24,587905,30,0
1527379200,2018-05-27 00:00:00,1299.52,1306.42,1289.23,1292.73,720446,30,0
1527984000,2018-06-03 00:00:00,1292.11,1303.06,1289.71,1298.36,478764,30,0
1528588800,2018-06-10 00:00:00,1299.66,1309.19,1275.3,1279.61,479567,30,0
1529193600,2018-06-17 00:00:00,1278.18,1283.92,1261.21,1269.04,477282,30,0
1529798400,2018-06-24 00:00:00,1269.91,1272.45,1245.84,1252.5,507491,30,0
1530403200,2018-07-01 00:00:00,1251.9,1260.99,1237.84,1254.66,472984,30,0
1531008000,2018-07-08 00:00:00,1255.17,1265.82,1236.27,1241.4,534723,30,0
1531612800,2018-07-15 00:00:00,1240.62,1245.43,1211.38,1231.45,496126,30,0
1532217600,2018-07-22 00:00:00,1231.08,1235.09,1217.46,1222.48,562897,30,0
1532822400,2018-07-29 00:00:00,1221.97,1228.51,1204.36,1213.24,426196,30,0
1533427200,2018-08-05 00:00:00,1213.57,1217.78,1205.64,1210.97,262058,30,0
1534032000,2018-08-12 00:00:00,1210.77,1213.74,1160.01,1184.82,374572,30,0
1534636800,2018-08-19 00:00:00,1183.21,1208.44,1182.64,1205.77,311076,30,0
1535241600,2018-08-26 00:00:00,1207.04,1214.15,1196.19,1200.87,294262,30,0
1535846400,2018-09-02 00:00:00,1200.64,1206.89,1189.5,1195.62,326981,30,0
1536451200,2018-09-09 00:00:00,1194.88,1212.54,1187.6,1193.22,334959,0,0
1537056000,2018-09-16 00:00:00,1193.84,1210.97,1191.73,1199.49,336211,30,0
1537660800,2018-09-23 00:00:00,1198.81,1204.08,1180.54,1191.88,307009,30,0
1538265600,2018-09-30 00:00:00,1192.19,1208.2,1184.46,1202.63,321298,0,0
1538870400,2018-10-07 00:00:00,1202.92,1226.25,1183.13,1217.86,292394,23,0
1539475200,2018-10-14 00:00:00,1217.46,1233.17,1216.7,1226.08,281916,23,0
1540080000,2018-10-21 00:00:00,1227.13,1243.31,1219.93,1233.33,296576,23,0
1540684800,2018-10-28 00:00:00,1233.63,1237.32,1211.86,1232.75,299141,23,0
1541289600,2018-11-04 00:00:00,1232.61,1236.38,1206.6,1209.42,298608,23,0
1541894400,2018-11-11 00:00:00,1207.97,1225.18,1196.16,1221.2,300008,23,0
1542499200,2018-11-18 00:00:00,1221.78,1229.98,1217.92,1223.04,231644,23,0
1543104000,2018-11-25 00:00:00,1223.19,1228.91,1211.1,1222.06,247395,23,0
1543708800,2018-12-02 00:00:00,1221.84,1249.93,1221.2,1248.31,277930,23,0
1544313600,2018-12-09 00:00:00,1249.49,1250.44,1232.79,1238.3,319360,23,0
1544918400,2018-12-16 00:00:00,1238.96,1266.38,1235.42,1255.29,275242,23,0
1545523200,2018-12-23 00:00:00,1257.27,1282.05,1256.83,1280.59,154475,23,0
1546128000,2018-12-30 00:00:00,1280.14,1298.47,1276.5,1284.78,171197,23,0
1546732800,2019-01-06 00:00:00,1285.22,1296.98,1279.26,1287.39,205525,23,0
1547337600,2019-01-13 00:00:00,1287.3,1295.74,1280.51,1281.38,171353,0,0
1547942400,2019-01-20 00:00:00,1281.2,1303.92,1276.66,1302.59,141766,23,0
1548547200,2019-01-27 00:00:00,1302.83,1326.2,1297.56,1317.3,181685,23,0
1549152000,2019-02-03 00:00:00,1317.88,1318.81,1302.68,1313.69,136820,23,0
1549756800,2019-02-10 00:00:00,1313.77,1322.52,1302.29,1320.87,165559,23,0
1550361600,2019-02-17 00:00:00,1321.36,1346.61,1318.76,1327.57,185865,23,0
1550966400,2019-02-24 00:00:00,1329.15,1332.46,1290.07,1293.33,184241,23,0
1551571200,2019-03-03 00:00:00,1293.21,1300.7,1280.64,1298.16,181802,23,0
1552176000,2019-03-10 00:00:00,1297.3,1311.14,1290.37,1301.91,149231,23,0
1552780800,2019-03-17 00:00:00,1301.94,1320.3,1298.12,1313.06,170994,23,0
1553385600,2019-03-24 00:00:00,1313.34,1324.38,1286.61,1291.79,192399,23,0
1553990400,2019-03-31 00:00:00,1292.31,1296.92,1280.83,1291.34,142550,23,0
1554595200,2019-04-07 00:00:00,1291.41,1310.48,1289.48,1290.33,164881,23,0
1555200000,2019-04-14 00:00:00,1290.87,1291.85,1271.04,1275.47,131405,23,0
1555804800,2019-04-21 00:00:00,1275.66,1288.62,1266.18,1285.8,157200,23,0
1556409600,2019-04-28 00:00:00,1286.36,1287.18,1266.18,1278.86,185616,23,0
1557014400,2019-05-05 00:00:00,1280.3,1291.39,1276.88,1285.59,215668,23,0
1557619200,2019-05-12 00:00:00,1287.48,1303.19,1274.67,1277.54,186628,23,0
1558224000,2019-05-19 00:00:00,1277.22,1287.22,1269.37,1284.68,121939,23,0
1558828800,2019-05-26 00:00:00,1284.57,1306.87,1274.92,1305.35,136207,23,0
1559433600,2019-06-02 00:00:00,1307.39,1348.18,1305.93,1340.3,211134,23,0
1560038400,2019-06-09 00:00:00,1336.64,1358.07,1319.78,1341.33,197881,23,0
1560643200,2019-06-16 00:00:00,1341.77,1411.71,1332.88,1398.66,283461,23,0
1561248000,2019-06-23 00:00:00,1400.0,1439.04,1398.61,1409.38,307203,23,0
1561852800,2019-06-30 00:00:00,1398.54,1437.58,1381.72,1398.44,249552,23,0
1562457600,2019-07-07 00:00:00,1398.28,1427.0,1385.66,1415.17,198580,23,0
1563062400,2019-07-14 00:00:00,1415.41,1452.87,1399.99,1424.78,215475,23,0
1563667200,2019-07-21 00:00:00,1427.39,1433.68,1411.03,1418.3,199532,23,0
1564272000,2019-07-28 00:00:00,1418.69,1448.6,1400.39,1440.89,219296,23,0
1564876800,2019-08-04 00:00:00,1439.85,1510.28,1436.68,1496.98,258207,23,0
1565481600,2019-08-11 00:00:00,1497.75,1534.91,1479.72,1512.77,332968,23,0
1566086400,2019-08-18 00:00:00,1512.45,1530.09,1492.38,1525.93,238579,23,0
1566691200,2019-08-25 00:00:00,1535.3,1555.1,1516.97,1519.94,319611,23,0
1567296000,2019-09-01 00:00:00,1526.23,1556.92,1502.45,1506.0,312893,23,0
1567900800,2019-09-08 00:00:00,1507.8,1524.09,1484.4,1488.07,305808,23,0
1568505600,2019-09-15 00:00:00,1506.66,1516.96,1484.05,1516.21,273816,23,0
1569110400,2019-09-22 00:00:00,1513.93,1535.63,1486.79,1496.72,314208,23,0
1569715200,2019-09-29 00:00:00,1495.03,1519.43,1458.98,1504.3,350830,23,0
1570320000,2019-10-06 00:00:00,1511.85,1516.92,1473.89,1488.64,399826,23,0
1570924800,2019-10-13 00:00:00,1487.42,1498.28,1476.92,1489.68,319712,23,0
1571529600,2019-10-20 00:00:00,1491.53,1517.87,1480.73,1504.14,277484,23,0
1572134400,2019-10-27 00:00:00,1504.51,1515.79,1481.02,1513.68,290887,23,0
1572739200,2019-11-03 00:00:00,1513.26,1514.71,1456.1,1458.87,314758,23,0
1573344000,2019-11-10 00:00:00,1459.27,1474.5,1445.52,1467.59,295674,23,0
1573948800,2019-11-17 00:00:00,1467.01,1478.7,1456.25,1461.72,338596,23,0
1574553600,2019-11-24 00:00:00,1460.9,1466.46,1449.98,1462.86,200878,23,0
1575158400,2019-12-01 00:00:00,1464.04,1483.96,1453.84,1459.36,270944,23,0
1575763200,2019-12-08 00:00:00,1459.49,1486.64,1458.42,1475.44,254170,23,0
1576368000,2019-12-15 00:00:00,1475.26,1481.6,1470.32,1477.75,185778,23,0
1576972800,2019-12-22 00:00:00,1478.13,1515.25,1477.38,1510.91,126495,23,0
1577577600,2019-12-29 00:00:00,1511.46,1553.41,1510.66,1551.93,174754,23,0
1578182400,2020-01-05 00:00:00,1559.66,1611.28,1540.12,1561.63,360955,23,0
1578787200,2020-01-12 00:00:00,1561.29,1561.29,1535.87,1557.11,256106,23,0
1579392000,2020-01-19 00:00:00,1557.03,1575.66,1546.23,1571.11,244966,23,0
1579996800,2020-01-26 00:00:00,1580.62,1590.38,1563.27,1588.13,313783,23,0
1580601600,2020-02-02 00:00:00,1593.11,1593.53,1547.33,1570.13,299683,23,0
1581206400,2020-02-09 00:00:00,1571.96,1584.93,1561.85,1583.71,256407,23,0
1581811200,2020-02-16 00:00:00,1582.12,1649.15,1578.77,1643.25,288405,23,0
1582416000,2020-02-23 00:00:00,1653.25,1689.17,1562.85,1585.79,533781,23,0
1583020800,2020-03-01 00:00:00,1591.39,1691.93,1575.23,1674.09,501255,23,0
1583625600,2020-03-08 00:00:00,1691.67,1703.36,1504.52,1529.2,334173,23,0
1584230400,2020-03-15 00:00:00,1563.79,1574.89,1451.07,1497.25,269369,23,0
1584835200,2020-03-22 00:00:00,1502.72,1643.05,1482.9,1625.74,119178,0,0
1585440000,2020-03-29 00:00:00,1624.02,1631.57,1566.16,1615.72,100462,34,0
1586044800,2020-04-05 00:00:00,1613.02,1690.13,1607.6,1682.34,116163,34,0
1586649600,2020-04-12 00:00:00,1679.08,1746.95,1673.81,1682.23,177913,34,0
1587254400,2020-04-19 00:00:00,1686.02,1738.37,1659.53,1727.13,195055,34,0
1587859200,2020-04-26 00:00:00,1719.92,1727.04,1668.92,1698.95,334053,34,0
1588464000,2020-05-03 00:00:00,1697.19,1723.37,1682.05,1700.8,330743,34,0
1589068800,2020-05-10 00:00:00,1700.66,1751.17,1691.95,1741.01,397532,34,0
1589673600,2020-05-17 00:00:00,1739.02,1765.03,1717.1,1733.3,436866,23,0
1590278400,2020-05-24 00:00:00,1732.61,1737.36,1693.74,1728.7,327848,23,0
1590883200,2020-05-31 00:00:00,1733.53,1745.06,1670.52,1685.33,389126,23,0
1591488000,2020-06-07 00:00:00,1679.07,1744.61,1677.28,1729.91,372205,23,0
1592092800,2020-06-14 00:00:00,1729.88,1745.13,1704.09,1741.29,273062,23,0
1592697600,2020-06-21 00:00:00,1749.74,1779.25,1742.82,1770.42,295147,23,0
1593302400,2020-06-28 00:00:00,1774.59,1788.94,1757.17,1775.49,253026,23,0
1593907200,2020-07-05 00:00:00,1773.76,1817.89,1769.87,1798.24,252869,36,0
1594512000,2020-07-12 00:00:00,1799.37,1814.83,1789.57,1809.36,249592,32,0
1595116800,2020-07-19 00:00:00,1806.77,1906.5,1805.65,1901.06,323727,23,0
1595721600,2020-07-26 00:00:00,1901.46,1982.89,1899.64,1973.93,388329,23,0
1596326400,2020-08-02 00:00:00,1978.78,2074.89,1960.55,2034.61,362102,23,0
1596931200,2020-08-09 00:00:00,2028.71,2049.85,1863.04,1944.39,404759,33,0
1597536000,2020-08-16 00:00:00,1947.03,2015.65,1911.5,1940.4,381685,27,0
1598140800,2020-08-23 00:00:00,1940.19,1976.5,1902.55,1963.71,353678,23,0
1598745600,2020-08-30 00:00:00,1965.77,1992.4,1916.45,1932.65,341220,25,0
1599350400,2020-09-06 00:00:00,1930.28,1966.46,1906.47,1939.51,285841,24,0
1599955200,2020-09-13 00:00:00,1940.75,1973.44,1932.82,1949.45,286731,26,0
1600560000,2020-09-20 00:00:00,1949.65,1955.47,1848.6,1860.71,427530,23,0
1601164800,2020-09-27 00:00:00,1859.93,1917.1,1848.6,1899.0,434257,23,0
1601769600,2020-10-04 00:00:00,1904.9,1930.23,1872.81,1930.05,361385,23,0
1602374400,2020-10-11 00:00:00,1928.88,1933.14,1882.31,1898.5,380248,28,0
1602979200,2020-10-18 00:00:00,1899.1,1931.34,1894.41,1901.24,351303,26,0
1603584000,2020-10-25 00:00:00,1902.71,1911.23,1859.81,1878.56,379866,33,0
1604188800,2020-11-01 00:00:00,1876.56,1960.29,1873.3,1951.11,430577,23,0
1604793600,2020-11-08 00:00:00,1954.32,1965.4,1850.4,1889.28,420371,23,0
1605398400,2020-11-15 00:00:00,1887.69,1898.95,1852.58,1870.78,412699,23,0
1606003200,2020-11-22 00:00:00,1870.54,1875.96,1774.15,1786.88,379278,23,0
1606608000,2020-11-29 00:00:00,1786.39,1848.08,1764.34,1838.49,379630,33,0
1607212800,2020-12-06 00:00:00,1837.1,1875.28,1822.13,1839.37,383812,23,0
1607817600,2020-12-13 00:00:00,1840.44,1896.22,1818.87,1881.11,377374,34,0
1608422400,2020-12-20 00:00:00,1885.64,1906.64,1855.03,1879.31,316542,36,0
1609027200,2020-12-27 00:00:00,1882.44,1900.18,1869.21,1895.29,263084,36,0
1609632000,2021-01-03 00:00:00,1904.13,1959.32,1828.16,1848.74,460318,23,0
1610236800,2021-01-10 00:00:00,1848.25,1863.57,1817.08,1827.09,434137,23,0
1610841600,2021-01-17 00:00:00,1828.39,1874.97,1803.92,1855.81,383567,24,0
1611446400,2021-01-24 00:00:00,1854.1,1875.58,1831.37,1848.35,464751,28,0
1612051200,2021-01-31 00:00:00,1862.93,1871.64,1785.06,1813.69,487949,36,0
1612656000,2021-02-07 00:00:00,1817.04,1855.35,1807.7,1824.29,387550,25,0
1613260800,2021-02-14 00:00:00,1825.17,1826.93,1760.52,1783.29,465762,23,0
1613865600,2021-02-21 00:00:00,1781.19,1815.89,1717.0,1734.1,633093,30,0
1614470400,2021-02-28 00:00:00,1733.69,1759.86,1687.22,1700.63,607012,23,0
1615075200,2021-03-07 00:00:00,1702.76,1739.86,1676.65,1726.73,543982,32,0
1615680000,2021-03-14 00:00:00,1726.2,1755.43,1719.31,1744.78,483653,35,0
1616284800,2021-03-21 00:00:00,1745.71,1746.88,1721.62,1732.25,430312,35,0
1616889600,2021-03-28 00:00:00,1731.62,1733.07,1677.82,1729.57,337185,35,0
1617494400,2021-04-04 00:00:00,1727.71,1758.65,1721.3,1743.73,352628,23,0
1618099200,2021-04-11 00:00:00,1743.05,1783.68,1723.6,1776.81,473606,23,0
1618704000,2021-04-18 00:00:00,1777.23,1797.76,1763.53,1776.67,488981,23,0
1619308800,2021-04-25 00:00:00,1775.72,1789.85,1755.99,1769.03,463730,23,0
1619913600,2021-05-02 00:00:00,1767.89,1843.25,1765.96,1830.89,449832,23,0
1620518400,2021-05-09 00:00:00,1833.61,1845.85,1808.62,1843.67,1911135,23,0
1621123200,2021-05-16 00:00:00,1840.8,1889.98,1840.8,1881.57,1755112,23,0
1621728000,2021-05-23 00:00:00,1882.06,1912.63,1872.57,1903.86,1596863,23,0
1622332800,2021-05-30 00:00:00,1903.52,1916.44,1855.28,1891.26,1134737,23,0
1622937600,2021-06-06 00:00:00,1890.83,1903.7,1869.65,1876.0,1424458,23,0
1623542400,2021-06-13 00:00:00,1876.23,1877.7,1760.63,1763.73,2038208,23,0
1624147200,2021-06-20 00:00:00,1764.72,1794.88,1764.59,1780.89,1731890,23,0
1624752000,2021-06-27 00:00:00,1781.03,1794.97,1750.43,1787.02,1566586,23,0
1625356800,2021-07-04 00:00:00,1787.36,1818.32,1784.27,1807.87,1568270,0,0
1625961600,2021-07-11 00:00:00,1807.69,1834.13,1791.37,1811.44,1703838,23,0
1626566400,2021-07-18 00:00:00,1811.01,1824.96,1789.22,1801.86,1648685,23,0
1627171200,2021-07-25 00:00:00,1802.29,1832.64,1792.25,1813.72,1327436,23,0
1627776000,2021-08-01 00:00:00,1813.94,1831.52,1758.48,1763.31,512731,23,0
1628380800,2021-08-08 00:00:00,1763.6,1779.88,1680.43,1779.6,597813,23,0
1628985600,2021-08-15 00:00:00,1778.42,1795.34,1770.7,1780.73,540427,23,0
1629590400,2021-08-22 00:00:00,1780.14,1819.09,1776.39,1818.01,499280,23,0
1630195200,2021-08-29 00:00:00,1817.44,1833.93,1801.76,1827.2,465052,32,0
1630800000,2021-09-05 00:00:00,1828.17,1830.19,1782.43,1787.04,409385,23,0
1631404800,2021-09-12 00:00:00,1788.24,1808.62,1745.04,1754.07,382894,23,0
1632009600,2021-09-19 00:00:00,1754.44,1787.1,1737.52,1750.3,388880,23,0
1632614400,2021-09-26 00:00:00,1750.57,1764.12,1721.4,1760.59,409206,25,0
1633219200,2021-10-03 00:00:00,1761.95,1781.17,1745.77,1756.49,381752,25,0
1633824000,2021-10-10 00:00:00,1757.04,1800.47,1750.07,1767.37,351637,23,0
1634428800,2021-10-17 00:00:00,1767.36,1813.83,1760.04,1792.19,395584,24,0
1635033600,2021-10-24 00:00:00,1793.44,1810.18,1772.02,1782.87,400826,26,0
1635638400,2021-10-31 00:00:00,1782.98,1818.15,1758.93,1817.68,369043,33,0
1636243200,2021-11-07 00:00:00,1818.3,1868.56,1812.46,1864.25,379353,32,0
1636848000,2021-11-14 00:00:00,1868.03,1877.04,1843.06,1845.63,387989,26,0
1637452800,2021-11-21 00:00:00,1846.37,1849.0,1778.49,1790.66,374255,35,0
1638057600,2021-11-28 00:00:00,1789.65,1808.72,1761.84,1783.23,438134,34,0
1638662400,2021-12-05 00:00:00,1784.46,1793.06,1769.98,1782.55,328374,35,0
1639267200,2021-12-12 00:00:00,1782.87,1814.22,1752.64,1797.55,337825,23,0
1639872000,2021-12-19 00:00:00,1799.01,1810.59,1784.84,1808.27,294376,35,0
1640476800,2021-12-26 00:00:00,1807.58,1827.45,1789.37,1825.14,268679,35,0
1641081600,2022-01-02 00:00:00,1829.68,1831.6,1782.38,1796.74,372228,23,0
1641686400,2022-01-09 00:00:00,1794.93,1829.22,1790.29,1817.58,362565,23,0
1642291200,2022-01-16 00:00:00,1817.62,1847.8,1805.79,1834.0,367705,23,0
1642896000,2022-01-23 00:00:00,1834.51,1853.73,1780.15,1791.21,428518,24,0
1643500800,2022-01-30 00:00:00,1790.57,1814.77,1785.48,1807.71,356705,34,0
1644105600,2022-02-06 00:00:00,1806.7,1865.23,1806.3,1857.88,431072,23,0
1644710400,2022-02-13 00:00:00,1861.84,1902.3,1844.33,1896.96,508633,32,0
1645315200,2022-02-20 00:00:00,1897.91,1974.26,1877.89,1888.58,581147,23,0
1645920000,2022-02-27 00:00:00,1920.24,1970.55,1890.7,1970.5,716707,24,0
1646524800,2022-03-06 00:00:00,1978.12,2070.4,1958.55,1988.04,849882,25,0
1647129600,2022-03-13 00:00:00,1984.13,1989.79,1895.0,1920.35,618090,25,0
1647734400,2022-03-20 00:00:00,1921.44,1966.09,1910.6,1957.9,510128,25,0
1648339200,2022-03-27 00:00:00,1958.08,1958.82,1889.98,1924.24,592333,25,0
1648944000,2022-04-03 00:00:00,1924.48,1948.06,1914.99,1947.6,551060,25,0
1649548800,2022-04-10 00:00:00,1946.46,1981.46,1939.92,1973.28,473677,25,0
1650153600,2022-04-17 00:00:00,1972.57,1998.32,1926.42,1931.44,603522,25,0
1650758400,2022-04-24 00:00:00,1930.28,1934.48,1872.01,1896.27,605871,25,0
1651363200,2022-05-01 00:00:00,1896.77,1909.68,1850.34,1883.32,578811,25,0
1651968000,2022-05-08 00:00:00,1883.0,1885.62,1799.01,1811.31,691668,25,0
1652572800,2022-05-15 00:00:00,1809.82,1849.32,1786.7,1846.29,612315,25,0
1653177600,2022-05-22 00:00:00,1845.44,1869.63,1840.97,1852.77,466163,25,0
1653782400,2022-05-29 00:00:00,1852.46,1874.01,1828.42,1850.79,406905,25,0
1654387200,2022-06-05 00:00:00,1850.13,1875.79,1825.0,1871.2,506250,25,0
1654992000,2022-06-12 00:00:00,1874.11,1878.74,1805.01,1839.93,774093,25,0
1655596800,2022-06-19 00:00:00,1837.44,1847.78,1816.77,1826.72,539098,25,0
1656201600,2022-06-26 00:00:00,1838.21,1840.88,1784.4,1809.16,514234,25,0
1656806400,2022-07-03 00:00:00,1811.93,1814.01,1732.05,1741.81,335244,25,0
1657411200,2022-07-10 00:00:00,1742.38,1745.31,1697.53,1707.21,392006,25,0
1658016000,2022-07-17 00:00:00,1707.41,1739.14,1680.71,1726.98,378741,25,0
1658620800,2022-07-24 00:00:00,1726.5,1767.78,1711.28,1765.71,492243,25,0
1659225600,2022-07-31 00:00:00,1764.95,1794.89,1754.19,1775.13,596569,25,0
1659830400,2022-08-07 00:00:00,1773.38,1807.78,1770.12,1801.83,481726,25,0
1660435200,2022-08-14 00:00:00,1801.38,1802.2,1745.4,1747.12,472284,25,0
1661040000,2022-08-21 00:00:00,1746.46,1765.36,1727.66,1737.72,530307,25,0
1661644800,2022-08-28 00:00:00,1736.04,1745.4,1688.65,1712.24,567193,25,0
1662249600,2022-09-04 00:00:00,1711.89,1729.31,1691.27,1716.88,524399,25,0
1662854400,2022-09-11 00:00:00,1717.07,1734.99,1653.99,1674.99,607478,25,0
1663459200,2022-09-18 00:00:00,1674.57,1687.99,1639.63,1643.63,632167,25,0
1664064000,2022-09-25 00:00:00,1644.96,1675.27,1614.71,1660.79,772241,25,0
1664668800,2022-10-02 00:00:00,1660.21,1729.42,1659.55,1694.75,666324,25,0
1665273600,2022-10-09 00:00:00,1695.22,1699.81,1640.07,1643.99,666618,25,0
1665878400,2022-10-16 00:00:00,1643.53,1668.32,1617.07,1657.67,601302,25,0
1666483200,2022-10-23 00:00:00,1658.69,1674.85,1637.86,1644.53,581480,25,0
1667088000,2022-10-30 00:00:00,1643.24,1681.62,1616.55,1680.67,553390,25,0
1667692800,2022-11-06 00:00:00,1674.67,1772.46,1664.56,1770.86,543774,25,0
1668297600,2022-11-13 00:00:00,1764.2,1786.34,1747.4,1750.53,577230,25,0
1668902400,2022-11-20 00:00:00,1750.45,1760.97,1725.63,1755.33,448860,25,0
1669507200,2022-11-27 00:00:00,1754.9,1804.28,1739.38,1797.7,508563,25,0
1670112000,2022-12-04 00:00:00,1796.16,1809.93,1765.71,1796.83,482936,25,0
1670716800,2022-12-11 00:00:00,1795.97,1824.41,1773.57,1792.83,539602,25,0
1671321600,2022-12-18 00:00:00,1792.54,1823.75,1783.68,1798.25,494203,25,0
1671926400,2022-12-25 00:00:00,1800.04,1833.2,1796.92,1823.55,357370,25,0
1672531200,2023-01-01 00:00:00,1826.63,1869.75,1823.58,1865.75,523128,25,0
1673136000,2023-01-08 00:00:00,1867.25,1921.84,1866.18,1920.12,630089,25,0
1673740800,2023-01-15 00:00:00,1919.03,1937.37,1896.43,1925.75,615388,25,0
1674345600,2023-01-22 00:00:00,1925.74,1949.03,1911.33,1928.0,554497,25,0
1674950400,2023-01-29 00:00:00,1927.74,1959.67,1861.27,1865.52,668511,25,0
1675555200,2023-02-05 00:00:00,1861.25,1890.11,1852.62,1865.17,640327,25,0
1676160000,2023-02-12 00:00:00,1864.6,1870.52,1818.82,1842.28,587582,25,0
1676764800,2023-02-19 00:00:00,1840.62,1847.38,1808.84,1810.59,505793,25,0
1677369600,2023-02-26 00:00:00,1810.53,1856.25,1804.6,1855.13,516451,25,0
1677974400,2023-03-05 00:00:00,1854.56,1870.01,1809.26,1866.85,557367,27,0
1678579200,2023-03-12 00:00:00,1881.12,1987.63,1871.41,1984.84,869888,25,0
1679184000,2023-03-19 00:00:00,1984.49,2009.65,1934.06,1978.6,731148,25,0
1679788800,2023-03-26 00:00:00,1975.93,1987.47,1943.86,1969.13,533521,25,0
1680393600,2023-04-02 00:00:00,1969.99,2032.03,1949.61,2006.99,424542,25,0
1680998400,2023-04-09 00:00:00,1989.63,2048.63,1981.52,2004.08,501438,25,0
1681603200,2023-04-16 00:00:00,1998.14,2014.89,1969.09,1982.67,529828,25,0
1682208000,2023-04-23 00:00:00,1981.04,2009.19,1973.99,1989.22,563888,25,0
1682812800,2023-04-30 00:00:00,1991.19,2079.08,1976.96,2016.5,616062,25,0
1683417600,2023-05-07 00:00:00,2015.52,2048.1,2000.76,2010.74,538424,25,0
1684022400,2023-05-14 00:00:00,2007.35,2022.06,1951.82,1977.53,582444,25,0
1684627200,2023-05-21 00:00:00,1977.25,1985.19,1936.64,1946.58,573646,25,0
1685232000,2023-05-28 00:00:00,1941.47,1983.31,1931.86,1947.9,548602,25,0
1685836800,2023-06-04 00:00:00,1946.76,1972.93,1938.0,1960.43,547498,25,0
1686441600,2023-06-11 00:00:00,1959.73,1970.7,1924.53,1957.27,619469,25,0
1687046400,2023-06-18 00:00:00,1957.41,1958.6,1909.93,1921.02,536277,25,0
1687651200,2023-06-25 00:00:00,1924.87,1933.23,1892.83,1919.19,552396,25,0
1688256000,2023-07-02 00:00:00,1918.76,1934.96,1902.5,1925.24,499692,25,0
1688860800,2023-07-09 00:00:00,1924.51,1963.7,1912.55,1955.14,546673,25,0
1689465600,2023-07-16 00:00:00,1954.57,1987.32,1945.64,1961.65,505448,25,0
1690070400,2023-07-23 00:00:00,1961.32,1982.03,1942.45,1959.06,516046,25,0
1690675200,2023-07-30 00:00:00,1958.53,1972.26,1924.99,1942.34,456922,25,0
1691280000,2023-08-06 00:00:00,1941.7,1946.63,1910.63,1913.63,406349,25,0
1691884800,2023-08-13 00:00:00,1912.63,1916.12,1884.84,1889.4,446024,25,0
1692489600,2023-08-20 00:00:00,1889.29,1923.25,1884.64,1914.16,439769,25,0
1693094400,2023-08-27 00:00:00,1914.58,1952.79,1912.65,1939.59,418670,25,0
1693699200,2023-09-03 00:00:00,1940.07,1946.18,1915.17,1918.85,359438,25,0
1694304000,2023-09-10 00:00:00,1919.41,1930.59,1900.84,1923.58,462981,25,0
1694908800,2023-09-17 00:00:00,1923.84,1947.31,1913.77,1925.17,452565,26,0
1695513600,2023-09-24 00:00:00,1924.52,1927.05,1846.18,1848.59,475837,26,0
1696118400,2023-10-01 00:00:00,1847.65,1850.72,1810.31,1831.76,609089,26,0
1696723200,2023-10-08 00:00:00,1847.02,1932.53,1844.08,1932.12,600732,26,0
1697328000,2023-10-15 00:00:00,1928.02,1997.01,1908.03,1980.63,675691,26,0
1697932800,2023-10-22 00:00:00,1962.22,2009.32,1953.46,2005.86,636059,26,0
1698537600,2023-10-29 00:00:00,2003.2,2007.84,1969.71,1992.4,598280,26,0
1699142400,2023-11-05 00:00:00,1991.96,1992.97,1932.86,1938.15,545322,26,0
1699747200,2023-11-12 00:00:00,1938.19,1993.24,1931.48,1980.46,525791,26,0
1700352000,2023-11-19 00:00:00,1977.99,2007.41,1965.28,2001.65,512231,26,0
1700956800,2023-11-26 00:00:00,2006.5,2075.21,2000.36,2071.53,669477,26,0
1701561600,2023-12-03 00:00:00,2072.82,2144.63,1994.5,2004.2,714424,26,0
1702166400,2023-12-10 00:00:00,2002.69,2047.77,1972.9,2019.34,644185,26,0
1702771200,2023-12-17 00:00:00,2019.07,2070.46,2015.87,2052.94,488281,26,0
1703376000,2023-12-24 00:00:00,2052.96,2088.31,2052.34,2062.71,329117,26,0
1703980800,2023-12-31 00:00:00,2062.73,2078.82,2024.35,2045.41,465993,26,0
1704585600,2024-01-07 00:00:00,2043.85,2062.08,2013.18,2048.86,602334,26,0
1705190400,2024-01-14 00:00:00,2047.4,2058.49,2001.7,2029.37,540548,26,0
1705795200,2024-01-21 00:00:00,2028.68,2037.73,2009.03,2018.32,528542,27,0
1706400000,2024-01-28 00:00:00,2023.6,2065.28,2019.18,2039.48,561142,27,0
1707004800,2024-02-04 00:00:00,2039.51,2044.4,2014.77,2024.1,473391,27,0
1707609600,2024-02-11 00:00:00,2023.06,2032.83,1984.08,2013.29,414055,27,0
1708214400,2024-02-18 00:00:00,2013.96,2041.22,2010.88,2035.3,348656,27,0
1708819200,2024-02-25 00:00:00,2033.45,2088.16,2024.34,2082.85,454140,27,0
1709424000,2024-03-03 00:00:00,2082.37,2195.01,2079.34,2178.45,693412,27,0
1710028800,2024-03-10 00:00:00,2179.22,2188.86,2150.48,2155.94,622513,27,0
1710633600,2024-03-17 00:00:00,2155.06,2222.61,2145.99,2165.04,660126,27,0
1711238400,2024-03-24 00:00:00,2165.34,2236.08,2163.34,2232.67,489997,27,0
1711843200,2024-03-31 00:00:00,2240.47,2330.31,2228.38,2329.23,810902,27,0
1712448000,2024-04-07 00:00:00,2323.32,2431.39,2302.79,2343.72,1021071,27,0
1713052800,2024-04-14 00:00:00,2354.45,2417.69,2324.13,2391.12,1044680,27,0
1713657600,2024-04-21 00:00:00,2388.13,2388.27,2291.21,2337.52,859989,27,0
1714262400,2024-04-28 00:00:00,2336.12,2346.62,2277.17,2301.6,830986,27,0
1714867200,2024-05-05 00:00:00,2303.12,2378.22,2291.65,2360.32,637643,30,0
1715472000,2024-05-12 00:00:00,2362.25,2422.55,2331.96,2413.75,669164,27,0
1716076800,2024-05-19 00:00:00,2417.95,2449.93,2325.27,2333.56,834998,27,0
1716681600,2024-05-26 00:00:00,2336.56,2363.88,2320.44,2326.98,713238,31,0
1717286400,2024-06-02 00:00:00,2328.17,2387.59,2286.6,2293.64,837942,30,0
1717891200,2024-06-09 00:00:00,2293.83,2341.57,2287.63,2332.57,775574,30,0
1718496000,2024-06-16 00:00:00,2331.63,2368.63,2306.45,2321.17,673146,29,0
1719100800,2024-06-23 00:00:00,2321.27,2339.56,2293.48,2326.37,656342,29,0
1719705600,2024-06-30 00:00:00,2326.21,2392.83,2318.34,2391.18,580710,31,0
1720310400,2024-07-07 00:00:00,2386.56,2424.39,2349.27,2411.22,740692,31,0
1720915200,2024-07-14 00:00:00,2411.82,2483.53,2393.7,2400.19,896770,29,0
1721520000,2024-07-21 00:00:00,2401.63,2431.89,2352.98,2387.0,917646,29,0
1722124800,2024-07-28 00:00:00,2387.72,2477.52,2369.41,2441.52,1043338,28,0
1722729600,2024-08-04 00:00:00,2443.94,2458.62,2364.15,2430.58,1144097,27,0
1723334400,2024-08-11 00:00:00,2429.68,2509.57,2423.67,2507.43,860218,27,0
1723939200,2024-08-18 00:00:00,2509.19,2531.61,2470.72,2512.28,864343,27,0
1724544000,2024-08-25 00:00:00,2511.25,2528.92,2493.5,2503.12,814991,27,0
1725148800,2024-09-01 00:00:00,2502.33,2529.04,2471.76,2497.18,774600,29,0
1725753600,2024-09-08 00:00:00,2496.63,2585.94,2485.41,2578.91,850446,28,0
1726358400,2024-09-15 00:00:00,2578.64,2625.6,2546.66,2622.04,878581,28,0
1726963200,2024-09-22 00:00:00,2621.3,2685.43,2613.68,2657.99,972733,28,0
1727568000,2024-09-29 00:00:00,2656.92,2672.96,2624.57,2653.41,896773,28,0
1728172800,2024-10-06 00:00:00,2650.82,2661.3,2601.56,2656.82,945792,27,0
1728777600,2024-10-13 00:00:00,2655.64,2722.37,2637.98,2721.34,969276,27,0
1729382400,2024-10-20 00:00:00,2720.29,2758.35,2708.62,2746.84,1043991,27,0
1729987200,2024-10-27 00:00:00,2736.07,2789.95,2724.5,2736.24,1032554,27,0
1730592000,2024-11-03 00:00:00,2736.23,2749.86,2643.26,2684.45,1193848,27,0
1731196800,2024-11-10 00:00:00,2684.67,2686.03,2536.66,2562.79,1221257,27,0
1731801600,2024-11-17 00:00:00,2564.84,2715.48,2563.48,2715.34,1151453,27,0
1732406400,2024-11-24 00:00:00,2714.07,2721.23,2605.12,2649.11,981075,27,0
1733011200,2024-12-01 00:00:00,2652.13,2657.1,2613.31,2632.7,1001164,27,0
1733616000,2024-12-08 00:00:00,2645.48,2725.97,2627.42,2648.25,1135407,27,0
1734220800,2024-12-15 00:00:00,2649.62,2664.28,2582.06,2622.37,917163,27,0
1734825600,2024-12-22 00:00:00,2623.66,2638.94,2608.05,2621.54,450551,27,0
1735430400,2024-12-29 00:00:00,2619.38,2665.09,2595.97,2640.17,607528,27,0
1736035200,2025-01-05 00:00:00,2639.2,2697.9,2614.6,2689.05,928874,27,0
1736640000,2025-01-12 00:00:00,2689.83,2724.54,2656.65,2702.18,941505,27,0
1737244800,2025-01-19 00:00:00,2701.63,2785.81,2689.25,2770.95,879586,27,0
1737849600,2025-01-26 00:00:00,2769.67,2817.11,2730.29,2798.63,923755,27,0
1738454400,2025-02-02 00:00:00,2803.59,2886.66,2772.02,2860.91,997504,27,0
1739059200,2025-02-09 00:00:00,2857.59,2942.46,2853.76,2882.41,1011270,27,0
1739664000,2025-02-16 00:00:00,2882.86,2954.8,2878.1,2935.72,693085,27,0
1740268800,2025-02-23 00:00:00,2934.75,2956.07,2832.55,2857.82,892175,27,0
1740873600,2025-03-02 00:00:00,2855.41,2930.24,2854.93,2911.09,940744,27,0
1741478400,2025-03-09 00:00:00,2910.96,3004.8,2879.74,2985.76,863634,27,0
1742083200,2025-03-16 00:00:00,2983.56,3057.33,2982.2,3023.03,754943,27,0
1742688000,2025-03-23 00:00:00,3021.64,3086.7,3002.34,3085.01,801801,27,0
1743292800,2025-03-30 00:00:00,3086.49,3167.7,3015.56,3038.45,1168610,27,0
1743897600,2025-04-06 00:00:00,3007.97,3245.23,2956.16,3237.64,1499799,27,0
1744502400,2025-04-13 00:00:00,3226.87,3357.45,3193.56,3326.21,820041,27,0
1745107200,2025-04-20 00:00:00,3331.55,3499.9,3260.04,3318.87,1251206,27,0
1745712000,2025-04-27 00:00:00,3324.94,3352.84,3201.76,3240.84,947846,27,0
1746316800,2025-05-04 00:00:00,3239.08,3437.76,3237.35,3326.49,1131491,27,0
1746921600,2025-05-11 00:00:00,3295.89,3295.89,3120.61,3202.02,1096085,27,0
1747526400,2025-05-18 00:00:00,3218.63,3365.84,3204.45,3356.12,1228626,27,0
1748131200,2025-05-25 00:00:00,3353.13,3356.72,3245.32,3289.49,1027384,27,0
1748736000,2025-06-01 00:00:00,3299.11,3403.23,3295.37,3311.56,1126935,27,0
1749340800,2025-06-08 00:00:00,3311.26,3446.7,3293.38,3433.37,1151635,27,0
1749945600,2025-06-15 00:00:00,3443.56,3451.4,3340.24,3368.4,1032399,27,0
1750550400,2025-06-22 00:00:00,3389.44,3396.58,3255.84,3274.5,1076175,27,0
1751155200,2025-06-29 00:00:00,3273.52,3365.77,3246.66,3336.77,845538,27,0
1751760000,2025-07-06 00:00:00,3334.37,3368.52,3282.56,3354.89,943880,27,0
1752364800,2025-07-13 00:00:00,3363.88,3377.15,3309.73,3350.34,874327,27,0
1752969600,2025-07-20 00:00:00,3349.69,3438.9,3324.95,3336.63,935581,27,0
1753574400,2025-07-27 00:00:00,3319.2,3363.33,3267.91,3362.68,1016411,27,0
1754179200,2025-08-03 00:00:00,3366.46,3408.48,3344.93,3398.33,1159192,27,0
1754784000,2025-08-10 00:00:00,3397.6,3404.72,3329.7,3335.19,958344,27,0
1755388800,2025-08-17 00:00:00,3336.17,3378.65,3311.35,3372.2,698921,27,0
1755993600,2025-08-24 00:00:00,3370.63,3453.83,3351.19,3448.42,737851,27,0
1756598400,2025-08-31 00:00:00,3448.01,3599.95,3436.7,3586.51,1231401,27,0
1757203200,2025-09-07 00:00:00,3580.46,3674.51,3577.45,3643.44,1098273,27,0
1757808000,2025-09-14 00:00:00,3644.27,3707.32,3626.52,3685.1,1112857,29,0
1758412800,2025-09-21 00:00:00,3687.01,3790.98,3683.53,3760.85,1189472,27,0
1759017600,2025-09-28 00:00:00,3759.31,3896.7,3756.12,3886.78,1355981,32,0
1759622400,2025-10-05 00:00:00,3888.6,4059.08,3883.96,4010.28,1710681,27,0
1760227200,2025-10-12 00:00:00,4008.1,4379.96,4000.36,4250.44,1844857,27,0
1760832000,2025-10-19 00:00:00,4252.44,4381.35,4004.09,4112.99,1867603,27,0
1761436800,2025-10-26 00:00:00,4102.38,4108.79,3886.29,4001.5,1807258,30,0
1762041600,2025-11-02 00:00:00,3983.44,4030.36,3928.64,4001.22,1404415,30,0
1762646400,2025-11-09 00:00:00,4000.93,4245.04,3997.83,4084.77,1609536,30,0
1763251200,2025-11-16 00:00:00,4086.77,4132.73,3997.76,4065.8,1719513,30,0
1763856000,2025-11-23 00:00:00,4071.72,4226.54,4039.89,4219.97,1198125,30,0
1764460800,2025-11-30 00:00:00,4222.03,4264.36,4163.81,4198.57,1633589,30,0
1765065600,2025-12-07 00:00:00,4199.55,4353.3,4169.86,4300.81,1625526,30,0
1765670400,2025-12-14 00:00:00,4300.59,4374.44,4271.14,4339.22,1580307,30,0
1766275200,2025-12-21 00:00:00,4339.7,4549.94,4337.87,4532.33,1108743,30,0
1766880000,2025-12-28 00:00:00,4539.6,4549.57,4274.15,4331.54,1343691,30,0
1767484800,2026-01-04 00:00:00,4350.7,4516.94,4344.99,4509.06,1688878,30,0
1768089600,2026-01-11 00:00:00,4511.39,4642.77,4511.39,4596.51,1756222,30,0
1768694400,2026-01-18 00:00:00,4628.59,4989.78,4620.04,4987.96,1604411,30,0
1769299200,2026-01-25 00:00:00,5009.67,5597.84,4684.92,4890.34,2543407,30,0
1769904000,2026-02-01 00:00:00,4805.03,5091.58,4402.99,4967.36,2427243,30,0
1770508800,2026-02-08 00:00:00,4980.52,5118.96,4878.5,5041.88,1715596,30,0
1771113600,2026-02-15 00:00:00,5028.25,5107.3,4841.63,5105.25,1290612,30,0
1771718400,2026-02-22 00:00:00,5106.34,5280.63,5093.37,5278.53,1588422,30,0
1772323200,2026-03-01 00:00:00,5300.13,5419.09,4995.97,5173.16,2152497,30,0
1772928000,2026-03-08 00:00:00,5179.08,5238.41,5009.49,5020.22,1887475,30,0
1773532800,2026-03-15 00:00:00,5004.45,5044.26,4477.13,4497.39,2062945,30,0
1774137600,2026-03-22 00:00:00,4448.11,4602.2,4098.6,4495.1,2263586,30,0
1774742400,2026-03-29 00:00:00,4492.98,4800.13,4419.53,4675.94,1909147,30,0
1775347200,2026-04-05 00:00:00,4649.46,4857.5,4600.72,4749.21,1897312,30,0
1775952000,2026-04-12 00:00:00,4690.26,4889.24,4643.71,4832.26,1657288,30,0
1776556800,2026-04-19 00:00:00,4792.25,4833.08,4657.5,4708.08,1662319,30,0
1777161600,2026-04-26 00:00:00,4697.46,4729.8,4510.0,4613.55,1685288,30,0
1777766400,2026-05-03 00:00:00,4632.68,4764.62,4500.55,4714.91,1524403,30,0
1778371200,2026-05-10 00:00:00,4681.25,4773.33,4511.57,4539.56,1714143,30,0
1778976000,2026-05-17 00:00:00,4529.44,4589.03,4453.46,4507.29,1806887,30,0
1779580800,2026-05-24 00:00:00,4534.6,4595.04,4366.27,4540.42,1505710,40,0
1780185600,2026-05-31 00:00:00,4524.12,4545.69,4311.58,4328.26,1635848,40,0
1780790400,2026-06-07 00:00:00,4325.16,4363.18,4023.73,4218.74,2225805,40,0
1781395200,2026-06-14 00:00:00,4273.27,4382.08,4121.48,4151.32,1561864,40,0
1782000000,2026-06-21 00:00:00,4140.48,4220.95,3959.02,4088.36,2183240,40,0
1782604800,2026-06-28 00:00:00,4084.0,4195.25,3942.15,4174.95,1920036,40,0
1783209600,2026-07-05 00:00:00,4183.8,4202.87,4021.58,4119.52,1871779,40,0
1783814400,2026-07-12 00:00:00,4091.85,4103.86,3959.38,4016.98,2133083,40,0
1784419200,2026-07-19 00:00:00,3998.94,4165.87,3982.47,4052.37,1901480,40,0
