datetime,year,direction,entry_price,exit_price,sl_price,tp_price,lot,net_pnl_usd,balance_after
2010-05-19 00:00:00,2010,BUY,1236.125,1204.6185714285716,1204.6685714285716,1319.3421428571428,0.01,-31.876428571428388,968.1235714285716
2010-10-18 00:00:00,2010,BUY,1381.525,1353.4632142857145,1353.5132142857144,1455.5564285714286,0.01,-28.431785714285635,939.691785714286
2011-04-28 00:00:00,2011,BUY,1459.505,1530.427857142857,1432.6589285714288,1530.427857142857,0.01,70.55285714285685,1070.5528571428567
2011-08-02 00:00:00,2011,BUY,1567.475,1647.5321428571428,1537.2035714285714,1647.5321428571428,0.01,79.68714285714293,1150.2399999999998
2012-05-17 00:00:00,2012,SELL,1543.515,1576.5835714285715,1576.5335714285716,1456.1321428571428,0.01,-33.43857142857143,966.5614285714286
2013-04-12 00:00:00,2013,SELL,1609.185,1534.7307142857142,1637.3553571428572,1534.7307142857142,0.01,74.08428571428578,1074.0842857142857
2013-05-14 16:00:00,2013,SELL,1428.335,1434.4464285714284,1434.3964285714285,1412.8378571428573,0.04,-25.92571428571362,1048.158571428572
2013-05-23 10:00:00,2013,SELL,1363.275,1380.6075,1380.5575000000001,1317.8550000000002,0.02,-35.404999999999966,1012.7535714285721
2013-06-07 15:00:00,2013,BUY,1410.805,1400.8910714285714,1400.9410714285714,1436.442142857143,0.03,-30.851785714285924,981.9017857142861
2013-06-11 14:00:00,2013,SELL,1370.345,1375.5832142857143,1375.5332142857144,1357.1764285714285,0.05,-28.041071428571605,953.8607142857145
2013-06-19 16:00:00,2013,SELL,1368.395,1374.3049999999998,1374.2549999999999,1353.4350000000002,0.04,-25.11999999999942,928.7407142857151
2013-06-24 13:00:00,2013,SELL,1279.465,1287.7375,1287.6875,1258.205,0.03,-25.92750000000011,902.8132142857149
2013-07-05 13:00:00,2013,SELL,1235.035,1240.1725000000001,1240.1225000000002,1222.1350000000002,0.04,-22.030000000000182,880.7832142857147
2013-07-15 09:00:00,2013,BUY,1292.855,1285.3742857142859,1285.4242857142858,1312.0035714285714,0.03,-23.55214285714247,857.2310714285722
2013-07-17 12:00:00,2013,BUY,1290.285,1284.4778571428574,1284.5278571428573,1304.9707142857142,0.04,-24.70857142857083,832.5225000000014
2013-07-24 02:00:00,2013,BUY,1347.525,1341.3278571428573,1341.3778571428572,1363.2507142857146,0.03,-19.701428571428423,812.821071428573
2013-07-31 10:00:00,2013,BUY,1336.995,1330.3917857142856,1330.4417857142855,1353.8035714285713,0.03,-20.91964285714299,791.90142857143
2013-08-21 08:00:00,2013,BUY,1375.155,1366.452857142857,1366.502857142857,1397.5607142857143,0.02,-18.144285714285832,773.7571428571441
2013-08-26 02:00:00,2013,BUY,1399.385,1391.63,1391.68,1419.2649999999999,0.03,-24.374999999999645,749.3821428571445
2013-08-29 03:00:00,2013,BUY,1418.315,1411.0142857142857,1411.0642857142857,1436.9835714285716,0.03,-23.012142857142962,726.3700000000015
2013-09-04 15:00:00,2013,BUY,1406.395,1398.46,1398.51,1426.7549999999999,0.02,-16.60999999999989,709.7600000000016
2013-09-10 14:00:00,2013,SELL,1378.465,1367.8878571428572,1382.6814285714286,1367.8878571428572,0.04,40.82857142857076,750.5885714285723
2013-09-24 16:00:00,2013,SELL,1306.305,1312.9467857142856,1312.8967857142857,1289.3935714285715,0.03,-21.035357142856682,729.5532142857156
2013-09-27 14:00:00,2013,SELL,1322.425,1330.33,1330.28,1302.1449999999998,0.02,-16.549999999999944,713.0032142857157
2013-10-09 20:00:00,2013,SELL,1305.945,1311.9085714285713,1311.8585714285714,1290.8421428571428,0.03,-19.00071428571424,694.0025000000014
2013-10-11 15:00:00,2013,SELL,1287.145,1264.6764285714287,1295.8207142857143,1264.6764285714287,0.02,44.19714285714259,738.199642857144
2013-10-25 06:00:00,2013,BUY,1350.125,1342.7610714285715,1342.8110714285715,1368.9621428571427,0.03,-23.20178571428538,714.9978571428586
2013-10-29 09:00:00,2013,BUY,1352.365,1345.7060714285715,1345.7560714285714,1369.3221428571428,0.03,-21.086785714285597,693.911071428573
2013-10-30 20:00:00,2013,BUY,1354.035,1348.5610714285715,1348.6110714285714,1367.832142857143,0.03,-17.53178571428576,676.3792857142872
2013-11-07 17:00:00,2013,SELL,1303.245,1311.0278571428569,1310.977857142857,1283.290714285714,0.02,-16.305714285713965,660.0735714285732
2013-11-12 08:00:00,2013,SELL,1277.885,1280.6985714285713,1280.6485714285714,1271.1821428571427,0.06,-19.10142857142793,640.9721428571453
2013-11-19 16:00:00,2013,SELL,1273.605,1278.6910714285714,1278.6410714285714,1260.8421428571428,0.03,-16.368214285714075,624.6039285714312
2013-11-20 17:00:00,2013,SELL,1256.475,1262.3164285714286,1262.2664285714286,1241.697857142857,0.03,-18.63428571428595,605.9696428571452
2013-11-25 21:00:00,2013,SELL,1240.575,1245.8142857142857,1245.7642857142857,1227.4035714285715,0.03,-16.827857142856928,589.1417857142883
2013-12-19 22:00:00,2013,SELL,1219.215,1191.2921428571428,1229.9360714285713,1191.2921428571428,0.01,27.552857142857082,616.6946428571454
2014-01-10 09:00:00,2014,BUY,1236.705,1232.7739285714285,1232.8239285714285,1246.387857142857,0.06,-25.806428571428313,974.1935714285717
2014-01-21 11:00:00,2014,BUY,1254.045,1248.6492857142857,1248.6992857142857,1267.6335714285715,0.05,-28.828571428571742,945.3649999999999
2014-01-23 04:00:00,2014,SELL,1231.545,1235.3346428571429,1235.284642857143,1222.2392857142859,0.06,-24.95785714285668,920.4071428571432
2014-01-29 21:00:00,2014,BUY,1262.375,1257.9082142857144,1257.9582142857143,1273.4864285714286,0.05,-24.183928571428034,896.2232142857151
2014-02-14 13:00:00,2014,BUY,1300.795,1312.4350000000002,1296.18,1312.4350000000002,0.05,56.3500000000005,952.5732142857156
2014-02-26 17:00:00,2014,BUY,1333.895,1328.36,1328.4099999999999,1347.855,0.04,-23.620000000000328,928.9532142857153
2014-03-04 14:00:00,2014,BUY,1341.085,1333.5367857142858,1333.5867857142857,1360.4135714285715,0.03,-23.754642857142798,905.1985714285724
2014-03-07 15:00:00,2014,BUY,1349.715,1344.2517857142857,1344.3017857142856,1363.4835714285714,0.04,-23.33285714285692,881.8657142857155
2014-03-14 17:00:00,2014,BUY,1381.825,1376.3767857142857,1376.4267857142856,1395.5535714285716,0.04,-23.27285714285743,858.5928571428581
2014-03-27 11:00:00,2014,SELL,1310.695,1293.7864285714286,1317.2857142857142,1293.7864285714286,0.03,49.61571428571405,908.2085714285721
2014-04-02 15:00:00,2014,SELL,1286.435,1291.6217857142856,1291.5717857142856,1273.4035714285712,0.04,-22.227142857142535,885.9814285714295
2014-04-03 18:00:00,2014,SELL,1283.565,1287.3353571428572,1287.2853571428573,1274.3107142857145,0.06,-24.84214285714299,861.1392857142865
2014-04-14 14:00:00,2014,BUY,1327.905,1322.109642857143,1322.159642857143,1342.5592857142856,0.04,-24.661428571428115,836.4778571428584
2014-04-17 10:00:00,2014,SELL,1296.665,1299.6371428571426,1299.5871428571427,1289.5392857142858,0.07,-23.394999999998703,813.0828571428597
2014-04-23 04:00:00,2014,SELL,1281.625,1286.670357142857,1286.620357142857,1268.9707142857142,0.04,-21.661428571428115,791.4214285714315
2014-04-24 15:00:00,2014,SELL,1277.655,1268.8492857142858,1281.2071428571428,1268.8492857142858,0.06,50.61428571428522,842.0357142857167
2014-05-01 13:00:00,2014,SELL,1281.975,1286.4664285714284,1286.4164285714285,1270.797857142857,0.05,-24.307142857142573,817.7285714285741
2014-05-12 06:00:00,2014,SELL,1287.375,1291.4389285714285,1291.3889285714286,1277.3378571428573,0.05,-22.169642857142527,795.5589285714316
2014-05-14 17:00:00,2014,BUY,1307.425,1302.8617857142858,1302.9117857142858,1318.7935714285713,0.04,-19.732857142856556,775.826071428575
2014-05-21 15:00:00,2014,SELL,1290.405,1292.955,1292.905,1284.405,0.08,-23.359999999999637,752.4660714285753
2014-05-27 15:00:00,2014,SELL,1288.375,1278.675,1292.2625,1278.675,0.05,46.650000000000226,799.1160714285755
2014-05-30 22:00:00,2014,SELL,1246.345,1250.9360714285715,1250.8860714285715,1234.9021428571427,0.04,-19.84428571428587,779.2717857142896
2014-06-12 14:00:00,2014,BUY,1265.345,1262.795,1262.845,1271.345,0.08,-23.359999999999637,755.91178571429
2014-06-16 16:00:00,2014,BUY,1278.455,1274.9107142857142,1274.9607142857142,1287.1064285714285,0.05,-19.571428571428534,736.3403571428614
2014-06-19 16:00:00,2014,BUY,1277.435,1288.9635714285712,1272.8617857142856,1288.9635714285712,0.04,44.634285714284964,780.9746428571464
2014-06-26 00:00:00,2014,BUY,1324.175,1318.4814285714285,1318.5314285714285,1338.5578571428573,0.03,-18.190714285714293,762.783928571432
2014-07-02 23:00:00,2014,BUY,1329.575,1325.4585714285715,1325.5085714285715,1339.7521428571429,0.05,-22.432142857142573,740.3517857142895
2014-07-24 16:00:00,2014,SELL,1303.795,1293.4921428571429,1307.9085714285716,1293.4921428571429,0.04,39.73142857142877,780.0832142857182
2014-08-01 15:00:00,2014,SELL,1281.885,1287.075,1287.025,1268.8449999999998,0.04,-22.24000000000022,757.843214285718
2014-08-12 20:00:00,2014,BUY,1311.425,1308.4689285714287,1308.5189285714287,1318.5078571428571,0.07,-23.28249999999875,734.5607142857192
2014-08-21 06:00:00,2014,SELL,1294.915,1287.6035714285715,1297.9067857142857,1287.6035714285715,0.06,41.648571428570705,776.2092857142899
2014-09-02 09:00:00,2014,SELL,1283.405,1277.405,1285.905,1277.405,0.08,45.04,821.2492857142898
2014-09-05 15:00:00,2014,SELL,1266.245,1271.6374999999998,1271.5874999999999,1252.6650000000002,0.04,-23.04999999999971,798.1992857142901
2014-09-09 19:00:00,2014,SELL,1259.445,1249.919285714286,1263.2671428571427,1249.919285714286,0.05,45.77857142857001,843.9778571428601
2014-09-18 01:00:00,2014,SELL,1230.855,1218.9178571428572,1235.5814285714287,1218.9178571428572,0.04,46.26857142857127,890.2464285714314
2014-10-03 17:00:00,2014,SELL,1202.165,1191.070714285714,1206.5753571428572,1191.070714285714,0.05,53.62142857142944,943.8678571428608
2014-10-15 04:00:00,2014,BUY,1229.985,1224.7960714285714,1224.8460714285713,1243.0221428571429,0.05,-27.794642857142527,916.0732142857182
2014-10-17 17:00:00,2014,BUY,1239.825,1232.8617857142858,1232.9117857142858,1257.5935714285715,0.03,-21.99964285714269,894.0735714285755
2014-10-28 03:00:00,2014,SELL,1225.195,1228.1296428571427,1228.0796428571427,1218.1692857142855,0.08,-26.4371428571421,867.6364285714334
2014-11-05 07:00:00,2014,SELL,1163.515,1153.2778571428573,1167.6039285714287,1153.2778571428573,0.05,49.335714285713856,916.9721428571472
2014-11-14 16:00:00,2014,SELL,1153.895,1158.7539285714286,1158.7039285714286,1141.7378571428571,0.05,-26.14464285714289,890.8275000000043
2014-11-18 12:00:00,2014,BUY,1192.905,1203.1421428571427,1188.8160714285714,1203.1421428571427,0.05,49.335714285713856,940.1632142857181
2014-12-18 04:00:00,2014,SELL,1187.485,1195.5732142857141,1195.5232142857142,1166.7164285714284,0.03,-25.37464285714269,914.7885714285754
2014-12-22 19:00:00,2014,SELL,1189.055,1177.1607142857144,1193.7653571428573,1177.1607142857144,0.05,57.621428571428076,972.4100000000035
2015-01-14 21:00:00,2015,BUY,1239.585,1232.4150000000002,1232.4650000000001,1257.905,0.04,-30.159999999999382,969.8400000000006
2015-01-20 10:00:00,2015,BUY,1279.985,1289.6450000000002,1276.1124999999997,1289.6450000000002,0.06,55.74000000000186,1025.5800000000024
2015-01-28 09:00:00,2015,BUY,1294.405,1287.745,1287.7949999999998,1311.365,0.04,-28.120000000000328,997.4600000000021
2015-02-03 20:00:00,2015,SELL,1258.335,1266.327857142857,1266.277857142857,1237.8207142857143,0.03,-25.088571428571058,972.371428571431
2015-02-19 02:00:00,2015,SELL,1207.525,1214.5825,1214.5325,1189.505,0.03,-22.282499999999672,950.0889285714313
2015-02-24 12:00:00,2015,SELL,1194.625,1198.2860714285714,1198.2360714285714,1185.662142857143,0.07,-28.21749999999983,921.8714285714315
2015-03-11 16:00:00,2015,SELL,1158.195,1150.0978571428573,1161.4814285714283,1150.0978571428573,0.07,54.0899999999987,975.9614285714301
2015-03-17 01:00:00,2015,SELL,1150.405,1155.5596428571428,1155.5096428571428,1137.459285714286,0.05,-27.62321428571395,948.3382142857162
2015-03-23 21:00:00,2015,BUY,1178.055,1190.8778571428572,1172.9964285714286,1190.8778571428572,0.05,62.26428571428587,1010.602500000002
2015-03-26 10:00:00,2015,BUY,1197.435,1208.2549999999999,1193.1274999999998,1208.2549999999999,0.06,62.69999999999962,1073.3025000000016
2015-04-06 01:00:00,2015,BUY,1199.075,1213.2092857142861,1193.5246428571427,1213.2092857142861,0.05,68.8214285714304,1142.123928571432
2015-04-27 03:00:00,2015,SELL,1175.725,1181.0189285714284,1180.9689285714285,1162.407857142857,0.05,-28.319642857142618,1113.8042857142896
2015-05-07 14:00:00,2015,SELL,1182.535,1185.987142857143,1185.937142857143,1174.1292857142857,0.08,-30.577142857143336,1083.2271428571462
2015-05-27 12:00:00,2015,SELL,1194.125,1184.8335714285715,1197.8592857142858,1184.8335714285715,0.07,62.44999999999929,1145.6771428571456
2015-05-28 17:00:00,2015,SELL,1181.675,1185.8996428571427,1185.8496428571427,1171.2092857142857,0.07,-32.162499999999085,1113.5146428571466
2015-06-15 14:00:00,2015,SELL,1173.865,1178.2675,1178.2175,1162.9249999999997,0.06,-28.634999999999508,1084.879642857147
2015-06-30 18:00:00,2015,SELL,1170.805,1174.3846428571428,1174.3346428571429,1162.0592857142856,0.08,-31.597142857141954,1053.282500000005
2015-07-02 15:00:00,2015,SELL,1160.835,1163.6603571428573,1163.6103571428573,1154.1007142857143,0.09,-28.758214285715056,1024.52428571429
2015-07-06 19:00:00,2015,SELL,1164.405,1168.9917857142857,1168.9417857142857,1152.9735714285712,0.06,-29.740714285714347,994.7835714285757
2015-07-14 16:00:00,2015,SELL,1155.065,1159.3057142857142,1159.2557142857142,1144.5564285714288,0.06,-27.664285714284887,967.1192857142908
2015-07-15 19:00:00,2015,SELL,1145.125,1148.8792857142855,1148.8292857142856,1135.9135714285715,0.07,-28.869999999998612,938.2492857142921
2015-07-17 17:00:00,2015,SELL,1139.275,1133.0035714285714,1141.876785714286,1133.0035714285714,0.09,53.11285714285843,991.3621428571505
2015-07-24 05:00:00,2015,SELL,1092.445,1077.3792857142857,1098.3446428571428,1077.3792857142857,0.04,58.78285714285678,1050.1450000000073
2015-07-29 17:00:00,2015,SELL,1091.825,1095.3017857142856,1095.2517857142857,1083.3535714285715,0.08,-30.77428571428478,1019.3707142857224
2015-08-19 15:00:00,2015,BUY,1122.995,1120.1910714285714,1120.2410714285713,1129.6721428571427,0.09,-28.565357142856627,990.8053571428658
2015-09-09 16:00:00,2015,SELL,1119.505,1113.505,1122.005,1113.505,0.1,56.3,1047.1053571428658
2015-10-02 15:00:00,2015,SELL,1115.275,1120.1253571428572,1120.0753571428572,1103.1407142857145,0.05,-26.101785714285462,1021.0035714285804
2015-10-07 08:00:00,2015,BUY,1143.705,1151.5621428571428,1140.5085714285715,1151.5621428571428,0.08,59.897142857143116,1080.9007142857236
2015-10-12 09:00:00,2015,BUY,1152.645,1165.602142857143,1147.5360714285714,1165.602142857143,0.05,62.93571428571513,1143.8364285714388
2015-10-14 20:00:00,2015,BUY,1165.935,1179.4750000000001,1160.6074999999998,1179.4750000000001,0.05,65.85000000000096,1209.6864285714398
2015-10-23 13:00:00,2015,BUY,1174.255,1170.904642857143,1170.954642857143,1182.389285714286,0.09,-33.48321428571383,1176.203214285726
2015-11-04 19:00:00,2015,SELL,1121.045,1110.722142857143,1125.1660714285715,1110.722142857143,0.07,69.67000000000023,1245.8732142857264
2015-11-10 18:00:00,2015,SELL,1088.105,1091.4671428571428,1091.4171428571428,1079.9392857142857,0.09,-33.58928571428494,1212.2839285714415
2015-11-27 15:00:00,2015,SELL,1070.985,1060.9164285714285,1075.0107142857141,1060.9164285714285,0.08,77.58857142857146,1289.872500000013
2015-12-03 15:00:00,2015,SELL,1053.525,1057.4175,1057.3675,1043.9450000000002,0.08,-34.09999999999942,1255.7725000000135
2016-01-06 15:00:00,2016,BUY,1088.665,1084.3707142857143,1084.4207142857142,1099.3164285714286,0.06,-27.985714285714238,972.0142857142857
2016-01-19 11:00:00,2016,BUY,1092.845,1089.5589285714286,1089.6089285714286,1100.8078571428573,0.08,-29.248571428571232,942.7657142857145
2016-02-04 15:00:00,2016,BUY,1137.635,1150.8064285714286,1132.4457142857143,1150.8064285714286,0.05,64.0071428571429,1006.7728571428573
2016-02-18 20:00:00,2016,BUY,1218.265,1230.7850000000003,1213.32,1230.7850000000003,0.05,60.750000000001044,1067.5228571428584
2016-02-24 19:00:00,2016,BUY,1249.175,1241.4135714285715,1241.4635714285714,1269.0721428571428,0.03,-24.394285714285488,1043.128571428573
2016-03-04 15:00:00,2016,BUY,1260.405,1253.409642857143,1253.4596428571429,1278.2592857142859,0.04,-29.461428571428296,1013.6671428571447
2016-03-11 17:00:00,2016,BUY,1269.925,1260.4042857142856,1260.4542857142856,1294.5135714285714,0.03,-29.672142857143044,983.9950000000016
2016-03-28 09:00:00,2016,SELL,1210.535,1215.7957142857142,1215.7457142857143,1197.3064285714288,0.05,-28.15357142857065,955.8414285714309
2016-04-06 18:00:00,2016,SELL,1219.685,1223.8667857142857,1223.8167857142857,1209.3335714285713,0.06,-27.31071428571451,928.5307142857164
2016-04-21 16:00:00,2016,BUY,1258.385,1252.1739285714286,1252.2239285714286,1274.147857142857,0.04,-26.324285714285434,902.2064285714309
2016-04-29 05:00:00,2016,BUY,1258.355,1276.6835714285714,1251.2317857142857,1276.6835714285714,0.03,53.87571428571427,956.0821428571452
2016-05-06 21:00:00,2016,BUY,1294.865,1287.202142857143,1287.2521428571429,1314.4992857142856,0.03,-24.098571428571276,931.9835714285739
2016-05-23 04:00:00,2016,SELL,1249.625,1254.3596428571427,1254.3096428571428,1237.7992857142858,0.05,-25.523214285713586,906.4603571428603
2016-05-25 16:00:00,2016,SELL,1230.585,1218.782142857143,1235.2610714285715,1218.782142857143,0.05,57.16428571428482,963.6246428571451
2016-05-27 21:00:00,2016,SELL,1219.965,1206.8707142857143,1225.125357142857,1206.8707142857143,0.05,63.621428571428304,1027.2460714285735
2016-06-01 20:00:00,2016,SELL,1207.715,1212.6542857142856,1212.6042857142857,1195.3435714285713,0.05,-26.546428571428443,1000.699642857145
2016-06-14 18:00:00,2016,BUY,1285.765,1281.522142857143,1281.572142857143,1296.2792857142858,0.06,-27.677142857142115,973.0225000000029
2016-06-16 09:00:00,2016,BUY,1291.415,1306.875,1285.3674999999998,1306.875,0.04,60.36000000000015,1033.3825000000031
2016-06-24 01:00:00,2016,SELL,1249.455,1257.290357142857,1257.240357142857,1229.3607142857143,0.03,-24.616071428570976,1008.7664285714321
2016-07-11 09:00:00,2016,BUY,1372.685,1361.5496428571428,1361.5996428571427,1401.5792857142858,0.02,-23.010714285714347,985.7557142857178
2016-07-14 16:00:00,2016,SELL,1333.655,1320.2292857142857,1338.9396428571429,1320.2292857142857,0.05,65.27857142857161,1051.0342857142894
2016-07-20 15:00:00,2016,SELL,1327.075,1316.7807142857146,1331.1853571428571,1316.7807142857146,0.06,59.545714285712876,1110.5800000000022
2016-08-02 16:00:00,2016,BUY,1345.535,1364.5264285714288,1338.1632142857143,1364.5264285714288,0.04,74.48571428571496,1185.0657142857171
2016-08-11 19:00:00,2016,BUY,1351.505,1346.4360714285715,1346.4860714285714,1364.222142857143,0.06,-32.633571428571685,1152.4321428571454
2016-08-18 12:00:00,2016,BUY,1352.225,1346.7767857142858,1346.8267857142857,1365.9535714285712,0.05,-29.09107142857065,1123.3410714285749
2016-08-22 17:00:00,2016,SELL,1332.595,1339.0021428571429,1338.952142857143,1316.3092857142858,0.04,-27.108571428571377,1096.2325000000035
2016-09-06 17:00:00,2016,BUY,1330.745,1337.7192857142857,1327.8796428571427,1337.7192857142857,0.1,66.0428571428577,1162.2753571428611
2016-09-15 12:00:00,2016,SELL,1318.695,1321.6467857142857,1321.5967857142857,1311.6235714285713,0.1,-33.21785714285734,1129.0575000000038
2016-09-26 21:00:00,2016,BUY,1341.015,1337.4235714285714,1337.4735714285714,1349.792142857143,0.08,-31.691428571429206,1097.3660714285745
2016-10-04 15:00:00,2016,SELL,1314.705,1301.2049999999997,1320.0175,1301.2049999999997,0.05,65.65000000000114,1163.0160714285757
2016-10-07 15:00:00,2016,SELL,1258.965,1262.8607142857143,1262.8107142857143,1249.3764285714285,0.08,-34.125714285714785,1128.890357142861
2016-10-14 17:00:00,2016,SELL,1251.485,1255.205,1255.155,1242.3649999999998,0.08,-32.72000000000022,1096.1703571428607
2016-11-02 14:00:00,2016,BUY,1288.695,1297.8664285714283,1285.0057142857142,1297.8664285714283,0.07,61.609999999998465,1157.7803571428592
2016-11-23 15:00:00,2016,SELL,1222.255,1191.4807142857142,1234.0453571428573,1191.4807142857142,0.02,60.8085714285719,1218.588928571431
2016-11-29 16:00:00,2016,SELL,1181.745,1186.8192857142856,1186.7692857142856,1169.0135714285714,0.06,-32.665714285714074,1185.923214285717
2016-12-01 03:00:00,2016,SELL,1177.385,1162.105,1183.365,1162.105,0.05,74.54999999999987,1260.473214285717
2016-12-05 19:00:00,2016,SELL,1163.235,1170.0964285714285,1170.0464285714286,1145.7378571428571,0.05,-36.157142857143164,1224.3160714285739
2016-12-15 04:00:00,2016,SELL,1137.445,1144.3214285714284,1144.2714285714285,1119.907857142857,0.04,-28.98571428571402,1195.3303571428598
2016-12-27 04:00:00,2016,SELL,1133.775,1137.51,1137.46,1124.615,0.08,-32.8399999999992,1162.4903571428606
2017-02-03 15:00:00,2017,BUY,1213.235,1207.6089285714286,1207.6589285714285,1227.437857142857,0.04,-23.98428571428529,976.0157142857147
2017-02-06 20:00:00,2017,BUY,1219.285,1231.4107142857144,1214.4878571428571,1231.4107142857144,0.05,58.77857142857183,1034.7942857142866
2017-02-09 17:00:00,2017,BUY,1239.815,1235.6278571428572,1235.6778571428572,1250.1807142857144,0.06,-27.3428571428569,1007.4514285714297
2017-02-27 20:00:00,2017,BUY,1259.735,1256.4521428571427,1256.5021428571426,1267.6892857142857,0.08,-29.222857142857684,978.228571428572
2017-03-22 15:00:00,2017,BUY,1239.235,1249.0092857142856,1235.3196428571428,1249.0092857142856,0.06,56.42571428571435,1034.6542857142863
2017-03-23 15:00:00,2017,BUY,1252.035,1248.7457142857145,1248.7957142857144,1260.0064285714286,0.08,-29.27428571428478,1005.3800000000015
2017-03-28 18:00:00,2017,BUY,1257.265,1254.649642857143,1254.6996428571429,1263.439285714286,0.1,-29.85357142857192,975.5264285714295
2017-04-06 13:00:00,2017,BUY,1258.295,1252.6357142857144,1252.6857142857143,1272.5864285714288,0.04,-24.117142857142863,951.4092857142866
2017-04-13 17:00:00,2017,BUY,1287.185,1281.7389285714287,1281.7889285714286,1300.907857142857,0.04,-23.264285714285034,928.1450000000016
2017-05-09 23:00:00,2017,SELL,1217.825,1221.6425,1221.5925,1208.4450000000002,0.06,-25.12499999999929,903.0200000000023
2017-05-26 20:00:00,2017,BUY,1261.155,1268.577857142857,1258.1214285714286,1268.577857142857,0.07,49.369999999999585,952.3900000000018
2017-05-30 07:00:00,2017,BUY,1269.715,1267.165,1267.215,1275.715,0.1,-29.199999999999545,923.1900000000022
2017-06-06 14:00:00,2017,BUY,1286.935,1293.3321428571428,1284.2860714285714,1293.3321428571428,0.09,54.24428571428568,977.4342857142879
2017-06-13 17:00:00,2017,SELL,1261.965,1264.5375,1264.4875,1255.905,0.1,-29.42499999999991,948.0092857142879
2017-06-29 17:00:00,2017,SELL,1241.045,1245.0242857142857,1244.9742857142858,1231.2335714285716,0.06,-26.09571428571391,921.913571428574
2017-07-03 15:00:00,2017,SELL,1237.175,1228.8864285714285,1240.5332142857142,1228.8864285714285,0.07,55.43000000000021,977.3435714285741
2017-07-05 21:00:00,2017,SELL,1222.065,1225.1914285714286,1225.1414285714286,1214.5278571428573,0.08,-27.971428571428042,949.3721428571461
2017-07-11 18:00:00,2017,SELL,1212.145,1216.717857142857,1216.667857142857,1200.7507142857144,0.05,-24.714285714284735,924.6578571428613
2017-07-24 03:00:00,2017,BUY,1245.875,1256.4207142857142,1241.670357142857,1256.4207142857142,0.05,50.87857142857106,975.5364285714323
2017-08-01 16:00:00,2017,BUY,1263.575,1271.7864285714286,1260.2457142857143,1271.7864285714286,0.07,54.889999999999795,1030.426428571432
2017-08-01 22:00:00,2017,BUY,1272.925,1268.8985714285714,1268.9485714285713,1282.8621428571428,0.06,-26.378571428571576,1004.0478571428605
2017-08-18 18:00:00,2017,BUY,1292.945,1289.3664285714285,1289.4164285714285,1301.6878571428572,0.07,-27.639999999999958,976.4078571428605
2017-08-23 16:00:00,2017,BUY,1289.885,1286.995357142857,1287.045357142857,1296.7907142857143,0.09,-29.33678571428625,947.0710714285742
2017-08-29 01:00:00,2017,BUY,1309.125,1318.9792857142859,1305.1796428571429,1318.9792857142859,0.06,56.90571428571528,1003.9767857142895
2017-09-04 01:00:00,2017,BUY,1316.535,1330.0835714285715,1311.2042857142858,1330.0835714285715,0.05,65.89285714285725,1069.8696428571468
2017-09-05 14:00:00,2017,BUY,1334.995,1328.0714285714284,1328.1214285714284,1352.657857142857,0.04,-29.174285714285798,1040.695357142861
2017-09-05 23:00:00,2017,BUY,1343.585,1337.962142857143,1338.0121428571429,1357.7792857142856,0.05,-29.964285714285644,1010.7310714285753
2017-09-15 15:00:00,2017,SELL,1322.085,1326.4424999999999,1326.3925,1311.265,0.06,-28.36499999999907,982.3660714285762
2017-10-05 23:00:00,2017,SELL,1279.755,1266.8035714285716,1284.8617857142858,1266.8035714285716,0.05,62.90714285714275,1045.273214285719
2017-10-27 17:00:00,2017,SELL,1267.205,1271.9675,1271.9175,1255.3049999999998,0.06,-30.79500000000027,1014.4782142857186
2017-11-01 07:00:00,2017,SELL,1269.015,1272.075,1272.025,1261.655,0.08,-27.439999999999564,987.038214285719
2017-11-20 09:00:00,2017,BUY,1294.035,1290.1200000000001,1290.17,1303.675,0.06,-25.70999999999978,961.3282142857192
2017-11-27 15:00:00,2017,BUY,1288.565,1297.4078571428572,1284.9989285714287,1297.4078571428572,0.07,59.310000000000095,1020.6382142857193
2017-12-07 21:00:00,2017,SELL,1255.615,1247.9807142857142,1258.7278571428571,1247.9807142857142,0.08,58.114285714286815,1078.7525000000062
2017-12-12 17:00:00,2017,SELL,1245.445,1238.2107142857142,1248.4078571428572,1238.2107142857142,0.09,61.77857142857185,1140.5310714285781
2017-12-26 09:00:00,2017,BUY,1270.715,1276.715,1268.215,1276.715,0.11,61.93,1202.4610714285782
2017-12-28 15:00:00,2017,BUY,1292.565,1290.015,1290.065,1298.565,0.12,-35.03999999999945,1167.4210714285787
2017-12-29 19:00:00,2017,BUY,1299.585,1305.585,1297.085,1305.585,0.12,67.56,1234.9810714285786
2018-01-19 16:00:00,2018,BUY,1337.135,1332.8825,1332.9325,1347.6750000000002,0.06,-27.735000000000326,972.2649999999996
2018-01-24 20:00:00,2018,BUY,1348.635,1356.7978571428573,1345.3239285714285,1356.7978571428573,0.07,54.55000000000124,1026.815000000001
2018-02-02 12:00:00,2018,BUY,1349.825,1344.6682142857144,1344.7182142857143,1362.7764285714286,0.05,-27.633928571428306,999.1810714285726
2018-02-07 19:00:00,2018,SELL,1330.975,1316.4435714285714,1336.6742857142856,1316.4435714285714,0.04,56.645714285713915,1055.8267857142866
2018-02-16 21:00:00,2018,BUY,1352.695,1345.0942857142857,1345.1442857142856,1372.1635714285715,0.03,-23.912142857142825,1031.914642857144
2018-03-12 15:00:00,2018,SELL,1315.525,1318.4264285714287,1318.3764285714287,1308.5878571428573,0.09,-29.442857142857363,1002.4717857142865
2018-03-16 13:00:00,2018,SELL,1318.675,1321.57,1321.52,1311.755,0.09,-29.384999999999835,973.0867857142866
2018-03-26 16:00:00,2018,BUY,1338.675,1351.7435714285714,1333.5242857142857,1351.7435714285714,0.05,63.492857142857154,1036.5796428571439
2018-04-04 17:00:00,2018,BUY,1342.035,1338.452142857143,1338.5021428571429,1350.7892857142858,0.07,-27.670000000000158,1008.9096428571437
2018-04-11 17:00:00,2018,BUY,1348.755,1357.2921428571428,1345.3035714285716,1357.2921428571428,0.07,57.169999999999085,1066.0796428571427
2018-04-18 16:00:00,2018,BUY,1353.195,1349.0946428571428,1349.1446428571428,1363.3292857142856,0.07,-31.29249999999965,1034.7871428571432
2018-04-27 15:00:00,2018,SELL,1317.605,1321.8039285714285,1321.7539285714286,1307.2078571428572,0.06,-27.413571428570975,1007.3735714285722
2018-05-01 18:00:00,2018,SELL,1302.925,1306.492857142857,1306.442857142857,1294.2107142857144,0.07,-27.564999999999458,979.8085714285727
2018-05-08 18:00:00,2018,SELL,1306.765,1310.7325,1310.6825000000001,1296.9850000000001,0.06,-26.024999999999835,953.7835714285728
2018-05-21 15:00:00,2018,SELL,1283.105,1286.2871428571427,1286.2371428571428,1275.4192857142857,0.08,-28.417142857141663,925.3664285714311
2018-06-22 10:00:00,2018,SELL,1267.495,1270.81,1270.76,1259.455,0.07,-25.795000000000385,899.5714285714307
2018-06-27 18:00:00,2018,SELL,1260.575,1253.2921428571428,1263.5560714285714,1253.2921428571428,0.08,55.30285714285768,954.8742857142884
2018-07-10 15:00:00,2018,SELL,1248.475,1251.8671428571427,1251.8171428571427,1240.2292857142859,0.07,-26.334999999999212,928.5392857142891
2018-07-12 16:00:00,2018,SELL,1242.775,1246.5475000000001,1246.4975000000002,1233.515,0.06,-24.855000000000217,903.6842857142889
2018-07-17 09:00:00,2018,SELL,1239.785,1242.8942857142858,1242.844285714286,1232.2935714285716,0.07,-24.35500000000033,879.3292857142885
2018-07-19 20:00:00,2018,SELL,1217.055,1220.4471428571428,1220.3971428571429,1208.8092857142856,0.07,-26.334999999999212,852.9942857142893
2018-08-03 15:00:00,2018,SELL,1209.085,1212.9389285714285,1212.8889285714286,1199.6078571428573,0.06,-25.34357142857081,827.6507142857184
2018-08-15 16:00:00,2018,SELL,1189.055,1181.2378571428571,1192.2364285714286,1181.2378571428571,0.07,52.130000000000486,879.7807142857189
2018-08-31 14:00:00,2018,BUY,1208.035,1204.8710714285714,1204.9210714285714,1215.672142857143,0.07,-24.737500000000495,855.0432142857184
2018-09-11 17:00:00,2018,SELL,1188.605,1191.7539285714286,1191.7039285714286,1181.0078571428573,0.07,-24.632499999999794,830.4107142857185
2018-09-19 15:00:00,2018,BUY,1203.865,1201.315,1201.365,1209.865,0.08,-23.359999999999637,807.0507142857189
2018-09-26 21:00:00,2018,SELL,1197.885,1191.885,1200.385,1191.885,0.08,45.04,852.0907142857188
2018-10-15 12:00:00,2018,BUY,1224.895,1232.7064285714284,1221.7157142857143,1232.7064285714284,0.07,52.08999999999916,904.180714285718
2018-10-18 22:00:00,2018,BUY,1229.405,1225.2467857142858,1225.2967857142858,1239.6935714285714,0.06,-27.169285714284996,877.0114285714329
2018-10-25 16:00:00,2018,BUY,1234.205,1229.7575,1229.8075,1245.2649999999999,0.05,-24.087499999999956,852.923928571433
2018-11-06 16:00:00,2018,BUY,1234.015,1231.444642857143,1231.494642857143,1240.0692857142858,0.08,-23.522857142856957,829.401071428576
2018-11-12 23:00:00,2018,SELL,1210.295,1200.552142857143,1214.1985714285715,1200.552142857143,0.05,46.864285714285096,876.265357142861
2018-12-10 15:00:00,2018,BUY,1248.395,1244.579642857143,1244.629642857143,1257.7692857142856,0.06,-25.11214285714206,851.153214285719
2018-12-18 05:00:00,2018,BUY,1242.665,1248.665,1240.165,1248.665,0.09,50.67,901.8232142857189
2018-12-24 12:00:00,2018,BUY,1263.965,1260.1614285714286,1260.2114285714285,1273.307857142857,0.06,-25.041428571427986,876.7817857142909
2018-12-31 15:00:00,2018,BUY,1283.505,1280.9550000000002,1281.005,1289.505,0.09,-26.27999999999959,850.5017857142913
2019-01-15 17:00:00,2019,BUY,1294.435,1291.2260714285715,1291.2760714285714,1302.192142857143,0.08,-28.631428571427897,971.3685714285721
2019-01-17 15:00:00,2019,BUY,1292.995,1290.0121428571426,1290.0621428571426,1300.1492857142857,0.08,-26.822857142858048,944.545714285714
2019-01-23 17:00:00,2019,SELL,1279.575,1282.3810714285714,1282.3310714285715,1272.892142857143,0.09,-28.58464285714247,915.9610714285715
2019-01-30 07:00:00,2019,BUY,1308.475,1314.9292857142855,1305.8046428571429,1314.9292857142855,0.09,54.75857142857005,970.7196428571415
2019-02-21 10:00:00,2019,BUY,1340.565,1336.4528571428573,1336.5028571428572,1350.7307142857142,0.06,-26.892857142856627,943.8267857142848
2019-03-04 16:00:00,2019,SELL,1296.205,1283.3392857142856,1301.2796428571428,1283.3392857142856,0.05,62.478571428571875,1006.3053571428567
2019-04-02 18:00:00,2019,SELL,1286.985,1291.4399999999998,1291.3899999999999,1275.905,0.06,-28.949999999999562,977.3553571428571
2019-04-10 05:00:00,2019,BUY,1304.765,1301.5678571428573,1301.6178571428572,1312.4907142857144,0.08,-28.537142857142463,948.8182142857146
2019-04-23 17:00:00,2019,SELL,1276.085,1266.5792857142858,1279.899642857143,1266.5792857142858,0.06,54.81428571428549,1003.6325
2019-06-10 01:00:00,2019,BUY,1341.035,1337.1028571428574,1337.1528571428573,1350.7207142857142,0.06,-25.812857142856245,977.8196428571438
2019-06-14 09:00:00,2019,BUY,1343.725,1353.2278571428571,1339.9114285714286,1353.2278571428571,0.06,54.79714285714343,1032.6167857142873
2019-06-18 16:00:00,2019,BUY,1350.825,1346.9207142857144,1346.9707142857144,1360.4364285714285,0.07,-29.91999999999925,1002.696785714288
2019-06-20 03:00:00,2019,BUY,1352.215,1364.015,1347.54,1364.015,0.05,57.15000000000091,1059.846785714289
2019-06-28 08:00:00,2019,BUY,1422.375,1415.6164285714285,1415.6664285714285,1439.5978571428573,0.04,-28.514285714285943,1031.332500000003
2019-07-03 01:00:00,2019,BUY,1408.495,1423.9121428571427,1402.4635714285714,1423.9121428571427,0.04,60.18857142857134,1091.5210714285743
2019-07-05 03:00:00,2019,BUY,1423.065,1417.8364285714288,1417.8864285714287,1436.207857142857,0.05,-27.99285714285643,1063.528214285718
2019-07-25 15:00:00,2019,BUY,1431.525,1427.7792857142858,1427.8292857142858,1440.7135714285716,0.07,-28.809999999999803,1034.7182142857182
2019-08-09 15:00:00,2019,BUY,1507.105,1498.6385714285714,1498.6885714285713,1528.882142857143,0.03,-26.50928571428595,1008.2089285714322
2019-08-13 14:00:00,2019,BUY,1532.275,1525.491785714286,1525.5417857142859,1549.5635714285715,0.04,-28.612857142856665,979.5960714285756
2019-08-29 10:00:00,2019,BUY,1549.315,1544.2139285714286,1544.2639285714286,1562.1178571428572,0.05,-27.355357142857294,952.2407142857182
2019-09-25 17:00:00,2019,BUY,1527.225,1522.0317857142857,1522.0817857142856,1540.2735714285714,0.05,-27.81607142857124,924.424642857147
2019-09-27 19:00:00,2019,SELL,1497.535,1502.3028571428572,1502.2528571428572,1485.6207142857145,0.05,-25.689285714285553,898.7353571428614
2019-10-17 03:00:00,2019,SELL,1487.415,1492.4249999999997,1492.3749999999998,1474.8550000000002,0.05,-26.89999999999882,871.8353571428626
2019-10-23 03:00:00,2019,SELL,1484.735,1489.3817857142856,1489.3317857142856,1473.1435714285712,0.05,-25.083928571428352,846.7514285714342
2019-11-01 14:00:00,2019,BUY,1508.345,1504.2435714285714,1504.2935714285713,1518.482142857143,0.05,-22.35714285714321,824.394285714291
2019-11-18 15:00:00,2019,SELL,1459.765,1463.0714285714287,1463.0214285714287,1451.7478571428571,0.06,-22.058571428571412,802.3357142857195
2019-11-29 16:00:00,2019,SELL,1453.275,1455.8367857142857,1455.7867857142858,1447.2435714285714,0.08,-23.45428571428507,778.8814285714344
2019-12-06 15:00:00,2019,BUY,1474.325,1470.1775,1470.2275,1484.5850000000003,0.05,-22.587500000000183,756.2939285714342
2019-12-17 15:00:00,2019,BUY,1480.145,1477.595,1477.645,1486.145,0.08,-23.359999999999637,732.9339285714345
2019-12-20 04:00:00,2019,BUY,1481.105,1477.892857142857,1477.942857142857,1488.8707142857143,0.06,-21.492857142857446,711.4410714285771
2019-12-23 15:00:00,2019,BUY,1483.475,1480.925,1480.975,1489.475,0.07,-20.439999999999685,691.0010714285773
2019-12-31 15:00:00,2019,BUY,1523.365,1520.2814285714287,1520.3314285714287,1530.787857142857,0.06,-20.721428571427822,670.2796428571495
2020-01-03 20:00:00,2020,BUY,1538.375,1552.5807142857143,1532.797857142857,1552.5807142857143,0.04,55.34285714285718,1055.3428571428572
2020-02-18 02:00:00,2020,BUY,1574.055,1586.0807142857143,1569.2953571428573,1586.0807142857143,0.06,69.93428571428538,1125.2771428571425
2020-02-18 16:00:00,2020,BUY,1586.435,1593.180714285714,1583.6553571428572,1593.180714285714,0.1,63.757142857140295,1189.0342857142828
2020-02-21 08:00:00,2020,BUY,1617.555,1630.0149999999999,1612.6325000000002,1630.0149999999999,0.06,72.53999999999886,1261.5742857142816
2020-03-05 20:00:00,2020,BUY,1652.455,1668.2835714285713,1646.2692857142856,1668.2835714285713,0.05,77.29285714285712,1338.8671428571388
2020-03-31 12:00:00,2020,BUY,1618.865,1605.7903571428571,1605.840357142857,1652.9307142857142,0.03,-40.33392857142859,1298.5332142857103
2020-04-06 21:00:00,2020,BUY,1631.525,1657.6050000000002,1621.4950000000001,1657.6050000000002,0.03,77.13000000000046,1375.6632142857109
2020-04-09 16:00:00,2020,BUY,1658.585,1674.8935714285715,1652.2192857142857,1674.8935714285715,0.05,79.6928571428572,1455.3560714285682
2020-04-14 17:00:00,2020,BUY,1717.675,1745.1035714285715,1707.1392857142857,1745.1035714285715,0.03,81.17571428571468,1536.531785714283
2020-04-16 16:00:00,2020,BUY,1731.895,1723.182142857143,1723.232142857143,1754.3292857142858,0.04,-36.331428571428184,1500.2003571428547
2020-05-13 16:00:00,2020,BUY,1711.975,1705.9857142857143,1706.0357142857142,1727.1464285714285,0.06,-38.155714285713856,1462.0446428571408
2020-05-28 09:00:00,2020,SELL,1711.695,1720.3242857142857,1720.2742857142857,1689.4835714285714,0.04,-35.99714285714297,1426.0474999999979
2020-06-02 17:00:00,2020,BUY,1744.725,1738.8010714285713,1738.8510714285712,1759.7221428571427,0.06,-37.763571428571794,1388.283928571426
2020-06-11 08:00:00,2020,BUY,1738.465,1728.4278571428572,1728.4778571428571,1764.4307142857142,0.03,-31.221428571428177,1357.062499999998
2020-06-22 06:00:00,2020,BUY,1758.185,1749.8460714285713,1749.8960714285713,1779.6221428571428,0.04,-34.83571428571438,1322.2267857142836
2020-06-25 01:00:00,2020,BUY,1765.455,1757.52,1757.57,1785.8149999999998,0.04,-33.21999999999978,1289.0067857142838
2020-07-01 17:00:00,2020,BUY,1771.335,1763.0507142857143,1763.1007142857143,1792.626428571429,0.04,-34.61714285714286,1254.3896428571409
2020-07-07 12:00:00,2020,BUY,1779.455,1774.4567857142856,1774.5067857142856,1791.9835714285714,0.06,-32.20928571428587,1222.180357142855
2020-07-27 06:00:00,2020,BUY,1919.895,1942.0664285714286,1911.3307142857143,1942.0664285714286,0.04,87.20571428571431,1309.3860714285693
2020-08-04 22:00:00,2020,BUY,1991.945,2014.465,1983.25,2014.465,0.04,88.59999999999992,1397.9860714285692
2020-08-06 17:00:00,2020,BUY,2066.675,2055.008214285714,2055.0582142857143,2096.986428571429,0.03,-36.11035714285832,1361.875714285711
2020-08-21 15:00:00,2020,SELL,1915.945,1928.325357142857,1928.275357142857,1883.7307142857142,0.03,-38.251071428571194,1323.6246428571399
2020-09-01 17:00:00,2020,BUY,1987.945,1977.7278571428571,1977.777857142857,2014.3907142857142,0.03,-31.761428571428368,1291.8632142857116
2020-09-08 17:00:00,2020,SELL,1915.995,1923.9910714285713,1923.9410714285714,1895.4721428571427,0.04,-33.46428571428576,1258.3989285714258
2020-09-15 17:00:00,2020,BUY,1958.585,1950.7678571428573,1950.8178571428573,1978.6307142857142,0.04,-32.74857142857079,1225.650357142855
2020-09-23 22:00:00,2020,SELL,1887.315,1860.4778571428571,1897.6289285714286,1860.4778571428571,0.03,79.40142857142872,1305.0517857142838
2020-10-06 19:00:00,2020,BUY,1908.055,1900.947142857143,1900.997142857143,1926.2092857142857,0.05,-37.389285714285144,1267.6624999999988
2020-10-28 14:00:00,2020,SELL,1899.805,1887.182142857143,1904.7885714285715,1887.182142857143,0.06,73.51714285714277,1341.1796428571415
2020-11-05 18:00:00,2020,BUY,1927.595,1948.9864285714284,1919.3232142857144,1948.9864285714284,0.04,84.08571428571351,1425.265357142855
2020-11-19 07:00:00,2020,SELL,1880.965,1861.9792857142857,1888.3346428571429,1861.9792857142857,0.05,93.07857142857134,1518.3439285714264
2020-12-21 11:00:00,2020,BUY,1896.765,1888.2482142857145,1888.2982142857145,1918.6764285714287,0.04,-35.54714285714224,1482.7967857142842
2021-01-04 15:00:00,2021,BUY,1916.715,1941.5292857142856,1907.1596428571427,1941.5292857142856,0.03,73.33285714285707,1073.3328571428572
2021-01-12 09:00:00,2021,SELL,1843.845,1861.6146428571428,1861.5646428571429,1797.2592857142856,0.02,-36.2792857142856,1037.0535714285716
2021-01-18 01:00:00,2021,SELL,1838.305,1817.6392857142857,1846.3046428571429,1817.6392857142857,0.03,60.88714285714299,1097.9407142857146
2021-02-04 15:00:00,2021,SELL,1826.805,1809.042142857143,1833.7160714285715,1809.042142857143,0.04,69.571428571428,1167.5121428571426
2021-02-17 01:00:00,2021,SELL,1807.305,1788.8564285714288,1814.4732142857142,1788.8564285714288,0.04,72.31428571428525,1239.8264285714279
2021-02-26 16:00:00,2021,SELL,1775.635,1746.6607142857142,1786.7503571428572,1746.6607142857142,0.03,85.81285714285731,1325.6392857142853
2021-03-05 16:00:00,2021,SELL,1690.925,1703.9942857142858,1703.9442857142858,1656.8735714285713,0.03,-40.31785714285739,1285.321428571428
2021-03-08 15:00:00,2021,SELL,1685.605,1695.3035714285713,1695.2535714285714,1660.5421428571428,0.03,-30.20571428571394,1255.1157142857141
2021-04-07 04:00:00,2021,BUY,1745.325,1738.7314285714288,1738.7814285714287,1762.107857142857,0.05,-34.817857142856475,1220.2978571428578
2021-05-04 08:00:00,2021,BUY,1794.365,1787.3053571428572,1787.3553571428572,1812.3907142857142,0.04,-29.71857142857105,1190.5792857142867
2021-05-20 21:00:00,2021,BUY,1882.645,1874.9510714285714,1875.0010714285713,1902.3621428571428,0.04,-32.255714285714454,1158.3235714285722
2021-05-27 15:00:00,2021,BUY,1898.045,1889.9867857142858,1890.0367857142858,1918.7335714285716,0.04,-33.712857142857025,1124.6107142857152
2021-06-01 17:00:00,2021,BUY,1902.305,1894.7075000000002,1894.7575000000002,1921.765,0.04,-31.86999999999942,1092.7407142857157
2021-06-10 12:00:00,2021,SELL,1877.205,1882.2771428571427,1882.2271428571428,1864.4792857142859,0.05,-27.21071428571404,1065.5300000000018
2021-06-16 20:00:00,2021,SELL,1855.595,1861.9657142857143,1861.9157142857143,1839.4064285714287,0.04,-26.96285714285703,1038.5671428571447
2021-06-24 13:00:00,2021,SELL,1774.945,1782.8799999999999,1782.83,1754.5849999999998,0.03,-24.914999999999836,1013.6521428571449
2021-07-06 15:00:00,2021,BUY,1800.645,1811.8992857142857,1796.1746428571428,1811.8992857142857,0.06,65.30571428571446,1078.9578571428594
2021-07-08 16:00:00,2021,BUY,1817.345,1809.6082142857144,1809.6582142857144,1837.1764285714287,0.04,-32.42714285714235,1046.530714285717
2021-07-12 04:00:00,2021,BUY,1812.205,1805.2996428571428,1805.3496428571427,1829.8192857142856,0.04,-29.101428571428624,1017.4292857142884
2021-07-23 15:00:00,2021,SELL,1795.555,1801.6,1801.55,1780.2350000000001,0.04,-25.659999999999382,991.769285714289
2021-07-28 18:00:00,2021,SELL,1794.975,1800.7510714285713,1800.7010714285714,1780.3721428571428,0.04,-24.584285714285652,967.1850000000034
2021-09-14 15:00:00,2021,SELL,1784.155,1788.1257142857141,1788.0757142857142,1774.3664285714285,0.06,-26.044285714284996,941.1407142857183
2021-09-28 16:00:00,2021,SELL,1733.245,1740.0196428571428,1739.9696428571428,1715.9792857142857,0.03,-21.433928571428723,919.7067857142896
2021-09-30 04:00:00,2021,SELL,1724.495,1732.1310714285714,1732.0810714285715,1704.9321428571427,0.03,-24.01821428571462,895.688571428575
2021-10-12 10:00:00,2021,BUY,1761.795,1757.6817857142858,1757.7317857142857,1771.9635714285716,0.06,-26.899285714285924,868.789285714289
2021-10-13 15:00:00,2021,BUY,1773.465,1769.0828571428572,1769.1328571428571,1784.3507142857143,0.05,-23.760714285713767,845.0285714285752
2021-11-10 15:00:00,2021,BUY,1813.965,1836.2164285714284,1805.3707142857143,1836.2164285714284,0.02,43.76285714285701,888.7914285714322
2021-11-15 03:00:00,2021,BUY,1867.965,1860.1639285714284,1860.2139285714284,1887.9678571428572,0.03,-24.51321428571451,864.2782142857177
2021-11-24 16:00:00,2021,SELL,1808.255,1780.4178571428572,1818.9439285714286,1780.4178571428572,0.02,54.934285714285814,919.2125000000035
2021-12-27 03:00:00,2021,BUY,1798.345,1810.9135714285715,1793.3817857142858,1810.9135714285715,0.05,60.992857142857154,980.2053571428606
2021-12-28 16:00:00,2021,BUY,1817.735,1814.1564285714285,1814.2064285714284,1826.477857142857,0.07,-27.639999999999958,952.5653571428606
2022-01-19 17:00:00,2022,BUY,1824.035,1835.7778571428573,1819.3814285714286,1835.7778571428573,0.05,56.86428571428623,1056.8642857142863
2022-02-09 18:00:00,2022,BUY,1820.005,1832.7564285714286,1814.9732142857144,1832.7564285714286,0.05,61.907142857142524,1118.771428571429
2022-02-10 15:00:00,2022,BUY,1834.165,1829.2921428571428,1829.3421428571428,1846.3592857142858,0.06,-31.45714285714277,1087.3142857142861
2022-02-11 20:00:00,2022,BUY,1840.475,1856.735,1834.1274999999998,1856.735,0.04,63.55999999999997,1150.874285714286
2022-02-21 02:00:00,2022,BUY,1904.855,1896.997142857143,1897.047142857143,1925.0092857142856,0.04,-32.91142857142811,1117.962857142858
2022-02-24 05:00:00,2022,BUY,1906.295,1922.3407142857145,1900.027857142857,1922.3407142857145,0.04,62.70285714285776,1180.6657142857157
2022-03-04 03:00:00,2022,BUY,1947.245,1937.0514285714285,1937.1014285714284,1973.627857142857,0.03,-31.690714285714293,1148.9750000000015
2022-03-07 07:00:00,2022,BUY,1997.915,1984.5210714285715,1984.5710714285715,2032.8321428571428,0.02,-27.527857142856863,1121.4471428571446
2022-03-08 19:00:00,2022,BUY,2047.325,2027.6332142857143,2027.6832142857143,2099.0364285714286,0.01,-20.061785714285744,1101.385357142859
2022-03-29 16:00:00,2022,SELL,1896.975,1906.9275,1906.8775,1871.235,0.03,-30.9675000000003,1070.4178571428588
2022-04-12 21:00:00,2022,BUY,1975.665,1965.4714285714285,1965.5214285714285,2002.047857142857,0.03,-31.690714285714293,1038.7271428571446
2022-04-19 03:00:00,2022,BUY,1986.825,1975.1935714285717,1975.2435714285716,2017.0421428571426,0.02,-24.002857142856772,1014.7242857142878
2022-05-16 10:00:00,2022,SELL,1825.285,1796.3307142857143,1836.392857142857,1796.3307142857143,0.02,57.168571428571575,1071.8928571428594
2022-05-24 17:00:00,2022,BUY,1867.605,1860.9428571428573,1860.9928571428572,1884.5707142857143,0.04,-28.128571428570904,1043.7642857142885
2022-06-30 15:00:00,2022,SELL,1810.215,1814.76,1814.71,1798.895,0.06,-29.490000000000435,1014.274285714288
2022-07-05 12:00:00,2022,SELL,1800.735,1805.1117857142856,1805.0617857142856,1789.8635714285713,0.06,-28.48071428571413,985.7935714285738
2022-07-21 12:00:00,2022,SELL,1699.935,1682.4292857142857,1706.7496428571428,1682.4292857142857,0.04,68.54285714285699,1054.3364285714308
2022-08-01 15:00:00,2022,BUY,1773.535,1766.856785714286,1766.906785714286,1790.5435714285713,0.04,-28.192857142856592,1026.1435714285742
2022-08-12 17:00:00,2022,BUY,1797.955,1791.8092857142858,1791.8592857142858,1813.5435714285713,0.04,-26.062857142856483,1000.0807142857177
2022-08-18 19:00:00,2022,SELL,1769.075,1756.6635714285717,1773.9792857142857,1756.6635714285717,0.05,60.2071428571418,1060.2878571428596
2022-08-22 17:00:00,2022,SELL,1734.775,1739.3435714285715,1739.2935714285716,1723.392142857143,0.06,-29.631428571428586,1030.656428571431
2022-08-26 15:00:00,2022,SELL,1746.665,1751.087857142857,1751.037857142857,1735.6707142857144,0.06,-28.757142857142497,1001.8992857142885
2022-09-07 17:00:00,2022,SELL,1703.475,1710.680357142857,1710.630357142857,1685.060714285714,0.04,-30.301428571428442,971.59785714286
2022-09-23 21:00:00,2022,SELL,1656.895,1641.1207142857143,1663.0603571428571,1641.1207142857143,0.04,61.6171428571429,1033.2150000000029
2022-10-04 18:00:00,2022,BUY,1695.005,1722.6650000000002,1684.3825000000002,1722.6650000000002,0.02,54.58000000000016,1087.795000000003
2022-10-17 10:00:00,2022,SELL,1644.565,1654.8110714285715,1654.7610714285715,1618.0421428571428,0.03,-31.84821428571432,1055.9467857142888
2022-10-19 10:00:00,2022,SELL,1640.745,1645.7507142857141,1645.7007142857142,1628.1964285714284,0.05,-26.87857142857124,1029.0682142857177
2022-11-01 04:00:00,2022,SELL,1632.015,1638.4596428571429,1638.409642857143,1615.6292857142857,0.04,-27.258571428571013,1001.8096428571466
2022-11-04 06:00:00,2022,SELL,1636.675,1646.1292857142855,1646.0792857142856,1612.2635714285714,0.03,-29.472857142856682,972.3367857142899
2022-11-08 17:00:00,2022,BUY,1679.155,1694.135,1673.2875,1694.135,0.04,58.440000000000076,1030.77678571429
2022-11-28 18:00:00,2022,BUY,1751.975,1742.5539285714285,1742.6039285714285,1776.2978571428569,0.03,-29.373214285714184,1001.4035714285759
2022-12-02 01:00:00,2022,BUY,1778.445,1804.030714285714,1768.600357142857,1804.030714285714,0.03,75.64714285714253,1077.0507142857184
2022-12-05 09:00:00,2022,BUY,1806.525,1797.452142857143,1797.5021428571429,1829.919285714286,0.03,-28.32857142857152,1048.722142857147
2022-12-12 20:00:00,2022,BUY,1788.185,1779.7785714285715,1779.8285714285714,1809.8021428571428,0.03,-26.329285714285433,1022.3928571428615
2023-01-03 09:00:00,2023,BUY,1829.325,1848.1964285714287,1821.9982142857143,1848.1964285714287,0.03,55.50428571428587,1055.504285714286
2023-01-12 14:00:00,2023,BUY,1863.455,1888.4607142857142,1853.827857142857,1888.4607142857142,0.03,73.90714285714274,1129.4114285714288
2023-01-17 04:00:00,2023,BUY,1919.755,1909.2175000000002,1909.2675000000002,1947.055,0.03,-32.72249999999973,1096.6889285714292
2023-01-18 18:00:00,2023,BUY,1917.335,1910.1435714285715,1910.1935714285714,1935.712142857143,0.04,-30.24571428571424,1066.443214285715
2023-01-20 16:00:00,2023,BUY,1929.675,1921.5546428571429,1921.6046428571428,1950.5292857142858,0.03,-25.47107142857122,1040.9721428571438
2023-01-26 15:00:00,2023,BUY,1942.385,1932.77,1932.82,1967.225,0.03,-29.955000000000027,1011.0171428571438
2023-02-15 10:00:00,2023,SELL,1861.685,1833.0107142857141,1872.6878571428572,1833.0107142857141,0.02,56.60857142857163,1067.6257142857155
2023-02-16 03:00:00,2023,SELL,1833.555,1840.6982142857144,1840.6482142857144,1815.3064285714288,0.04,-30.052857142857174,1037.5728571428583
2023-02-23 08:00:00,2023,SELL,1824.765,1833.2325,1833.1825000000001,1802.9850000000001,0.03,-26.512499999999918,1011.0603571428584
2023-03-03 16:00:00,2023,BUY,1848.435,1844.0528571428572,1844.1028571428571,1859.3207142857143,0.06,-28.512857142856518,982.5475000000018
2023-03-15 20:00:00,2023,BUY,1918.025,1909.0785714285714,1909.1285714285714,1941.082142857143,0.03,-27.949285714286006,954.5982142857158
2023-04-19 15:00:00,2023,SELL,1970.385,1978.8857142857144,1978.8357142857144,1948.5164285714284,0.03,-26.6121428571431,927.9860714285727
2023-05-04 05:00:00,2023,BUY,2056.585,2041.2957142857144,2041.3457142857144,2096.5564285714286,0.02,-31.318571428571193,896.6675000000015
2023-05-16 15:00:00,2023,SELL,2006.955,2011.917857142857,2011.867857142857,1994.5207142857143,0.05,-26.664285714285235,870.0032142857162
2023-05-18 18:00:00,2023,SELL,1966.795,1952.8692857142858,1972.267142857143,1952.8692857142858,0.04,54.222857142857286,924.2260714285735
2023-05-23 16:00:00,2023,SELL,1960.165,1967.4142857142856,1967.3642857142856,1941.6335714285715,0.03,-22.8578571428569,901.3682142857166
2023-05-30 08:00:00,2023,SELL,1958.825,1935.9392857142857,1967.6571428571428,1935.9392857142857,0.03,67.54714285714307,968.9153571428596
2023-06-08 15:00:00,2023,SELL,1946.965,1955.4989285714285,1955.4489285714285,1925.007857142857,0.03,-26.711785714285597,942.203571428574
2023-06-14 12:00:00,2023,SELL,1942.905,1952.1910714285714,1952.1410714285714,1918.9421428571432,0.03,-28.96821428571421,913.2353571428598
2023-06-23 15:00:00,2023,SELL,1921.945,1928.1260714285713,1928.0760714285714,1906.2621428571426,0.04,-26.204285714285543,887.0310714285743
2023-07-14 17:00:00,2023,BUY,1959.205,1951.2067857142856,1951.2567857142856,1979.7335714285712,0.03,-25.104642857142935,861.9264285714313
2023-07-20 09:00:00,2023,BUY,1984.975,1979.0425,1979.0925,1999.9950000000001,0.04,-25.209999999999564,836.7164285714317
2023-07-26 16:00:00,2023,BUY,1972.105,1968.2489285714287,1968.2989285714286,1981.5878571428573,0.05,-21.130357142856703,815.586071428575
2023-08-08 17:00:00,2023,SELL,1925.075,1930.6935714285714,1930.6435714285715,1910.892142857143,0.04,-23.954285714285543,791.6317857142894
2023-08-11 11:00:00,2023,SELL,1911.835,1918.8474999999999,1918.7975,1893.9350000000002,0.03,-22.147499999999454,769.48428571429
2023-08-17 16:00:00,2023,SELL,1898.195,1902.9585714285713,1902.9085714285713,1886.2921428571428,0.04,-20.53428571428547,748.9500000000045
2023-08-28 19:00:00,2023,BUY,1924.765,1920.3753571428572,1920.4253571428571,1935.6707142857144,0.04,-19.038571428571668,729.9114285714328
2023-09-01 16:00:00,2023,BUY,1950.005,1945.8928571428573,1945.9428571428573,1960.1707142857144,0.04,-17.928571428571086,711.9828571428617
2023-09-14 15:00:00,2023,SELL,1912.685,1903.2707142857141,1916.465357142857,1903.2707142857141,0.05,45.22142857142912,757.2042857142908
2023-09-28 17:00:00,2023,SELL,1881.255,1867.795,1886.5525000000002,1867.795,0.04,52.36000000000015,809.5642857142909
2023-10-02 12:00:00,2023,SELL,1854.505,1835.1678571428572,1862.0064285714286,1835.1678571428572,0.03,56.901428571428724,866.4657142857196
2023-10-11 15:00:00,2023,BUY,1870.485,1866.7189285714285,1866.7689285714284,1879.727857142857,0.06,-24.81642857142853,841.6492857142911
2023-10-20 11:00:00,2023,BUY,1962.005,1982.9907142857146,1953.8853571428572,1982.9907142857146,0.03,61.84714285714348,903.4964285714345
2023-10-31 17:00:00,2023,BUY,2002.445,1996.7267857142856,1996.7767857142856,2016.8935714285715,0.04,-24.352857142857356,879.1435714285772
2023-11-09 17:00:00,2023,SELL,1955.175,1961.0475,1960.9975,1940.3149999999998,0.04,-24.969999999999782,854.1735714285774
2023-11-21 16:00:00,2023,BUY,1986.345,2003.6735714285714,1979.5967857142857,2003.6735714285714,0.03,50.87571428571427,905.0492857142916
2023-11-27 03:00:00,2023,BUY,1999.615,2009.7692857142858,1995.557142857143,2009.7692857142858,0.06,58.705714285715004,963.7550000000066
2023-11-28 19:00:00,2023,BUY,2026.075,2040.5635714285713,2020.3917857142858,2040.5635714285713,0.04,56.47428571428511,1020.2292857142917
2023-12-04 01:00:00,2023,BUY,2058.805,2081.9992857142856,2049.8571428571427,2081.9992857142856,0.03,68.47285714285739,1088.702142857149
2023-12-27 17:00:00,2023,BUY,2052.745,2073.713571428571,2044.6317857142856,2073.713571428571,0.03,61.7957142857132,1150.4978571428624
2023-12-28 14:00:00,2023,BUY,2078.875,2072.450714285714,2072.5007142857144,2095.2064285714287,0.05,-33.97142857142908,1116.5264285714334
2024-01-11 21:00:00,2024,SELL,2016.475,2025.5971428571427,2025.5471428571427,1992.9492857142857,0.03,-28.476428571428286,971.5235714285717
2024-01-30 17:00:00,2024,BUY,2046.505,2040.5414285714287,2040.5914285714287,2061.607857142857,0.04,-25.334285714285652,946.189285714286
2024-02-02 15:00:00,2024,BUY,2059.405,2049.8992857142857,2049.949285714286,2083.953571428571,0.03,-29.627142857143426,916.5621428571426
2024-02-08 16:00:00,2024,SELL,2024.735,2030.492857142857,2030.442857142857,2010.1807142857142,0.04,-24.51142857142848,892.0507142857141
2024-02-13 12:00:00,2024,SELL,2022.255,2027.7996428571428,2027.7496428571428,2008.269285714286,0.04,-23.65857142857065,868.3921428571434
2024-02-29 15:00:00,2024,BUY,2030.205,2045.7792857142856,2024.1146428571428,2045.7792857142856,0.04,60.81714285714272,929.2092857142861
2024-03-06 17:00:00,2024,BUY,2139.355,2133.112857142857,2133.1628571428573,2155.2007142857146,0.04,-26.448571428571523,902.7607142857146
2024-03-08 15:00:00,2024,BUY,2169.045,2162.7910714285713,2162.8410714285715,2184.922142857143,0.04,-26.49571428571515,876.2649999999994
2024-03-28 15:00:00,2024,BUY,2215.655,2206.5360714285716,2206.586071428572,2239.172142857143,0.02,-18.977857142857136,857.2871428571423
2024-04-05 17:00:00,2024,BUY,2277.445,2311.322142857143,2264.4910714285716,2311.322142857143,0.02,67.0142857142853,924.3014285714276
2024-04-09 10:00:00,2024,BUY,2317.545,2356.765,2302.5875,2356.765,0.02,77.6999999999996,1002.0014285714271
2024-04-09 14:00:00,2024,BUY,2363.225,2354.99,2355.04,2384.3849999999993,0.03,-25.81500000000038,976.1864285714267
2024-04-12 04:00:00,2024,BUY,2356.325,2390.4164285714282,2343.290714285714,2390.4164285714282,0.02,67.44285714285685,1043.6292857142837
2024-04-16 10:00:00,2024,BUY,2386.385,2367.8835714285715,2367.9335714285717,2434.9221428571427,0.01,-18.871428571428734,1024.757857142855
2024-04-30 17:00:00,2024,SELL,2322.675,2302.5178571428573,2330.483928571429,2302.5178571428573,0.03,59.36142857142853,1084.1192857142837
2024-05-16 16:00:00,2024,BUY,2389.215,2374.070357142857,2374.1203571428573,2428.8007142857145,0.02,-31.02928571428605,1053.0899999999976
2024-05-17 23:00:00,2024,BUY,2401.645,2421.8135714285713,2393.8317857142856,2421.8135714285713,0.03,59.39571428571402,1112.4857142857118
2024-06-03 17:00:00,2024,SELL,2329.725,2340.522857142857,2340.472857142857,2301.7307142857144,0.03,-33.50357142857125,1078.9821428571406
2024-06-20 11:00:00,2024,BUY,2340.445,2334.060357142857,2334.110357142857,2356.6707142857144,0.04,-27.01857142857305,1051.9635714285675
2024-06-27 11:00:00,2024,SELL,2295.555,2306.888571428571,2306.838571428571,2266.1321428571428,0.02,-23.407142857142606,1028.556428571425
2024-07-05 15:00:00,2024,BUY,2363.955,2359.1260714285713,2359.1760714285715,2376.032142857143,0.05,-25.994642857143027,1002.5617857142819
2024-07-15 20:00:00,2024,BUY,2431.565,2422.3764285714287,2422.426428571429,2455.2678571428564,0.03,-28.675714285713966,973.8860714285679
2024-07-25 06:00:00,2024,SELL,2396.565,2366.967857142857,2407.9139285714286,2366.967857142857,0.02,58.454285714285795,1032.3403571428537
2024-08-02 17:00:00,2024,BUY,2466.805,2455.340714285714,2455.3907142857142,2496.576428571428,0.02,-23.668571428571557,1008.6717857142821
2024-08-12 18:00:00,2024,BUY,2441.675,2459.4235714285714,2434.769285714286,2459.4235714285714,0.04,69.51428571428507,1078.1860714285672
2024-08-16 15:00:00,2024,BUY,2472.195,2490.857857142857,2464.946428571429,2490.857857142857,0.04,73.17142857142746,1151.3574999999946
2024-08-20 18:00:00,2024,BUY,2526.375,2518.118571428571,2518.1685714285713,2547.592142857143,0.04,-34.505714285715364,1116.8517857142792
2024-08-28 06:00:00,2024,BUY,2524.525,2513.233214285714,2513.283214285714,2553.8364285714288,0.02,-23.32357142857221,1093.528214285707
2024-09-03 20:00:00,2024,SELL,2479.335,2490.9728571428573,2490.922857142857,2449.1007142857143,0.02,-24.015714285714456,1069.5124999999925
2024-09-26 13:00:00,2024,BUY,2643.555,2672.4235714285714,2632.4792857142857,2672.4235714285714,0.02,56.997142857143224,1126.5096428571358
2024-09-26 16:00:00,2024,BUY,2672.575,2665.3471428571424,2665.3971428571426,2691.0492857142854,0.04,-30.391428571429497,1096.1182142857062
2024-10-17 17:00:00,2024,BUY,2664.705,2693.322142857143,2653.723571428571,2693.322142857143,0.02,56.49428571428576,1152.612499999992
2024-10-17 19:00:00,2024,BUY,2695.695,2684.696785714286,2684.746785714286,2724.2235714285716,0.03,-34.104642857142935,1118.5078571428492
2024-10-28 00:00:00,2024,BUY,2744.325,2733.9696428571424,2734.0196428571426,2771.1392857142855,0.03,-32.176071428572286,1086.331785714277
2024-11-11 15:00:00,2024,SELL,2698.785,2641.339285714286,2720.5771428571425,2641.339285714286,0.01,57.07571428571408,1143.4074999999912
2024-11-12 03:00:00,2024,SELL,2612.305,2626.1960714285715,2626.1460714285713,2576.0621428571426,0.02,-28.522142857143297,1114.8853571428479
2024-11-14 08:00:00,2024,SELL,2585.585,2553.542142857143,2597.8510714285712,2553.542142857143,0.02,63.345714285713946,1178.2310714285618
2024-12-05 05:00:00,2024,BUY,2655.065,2644.6314285714284,2644.6814285714286,2682.087857142857,0.03,-32.410714285715,1145.820357142847
2024-12-09 21:00:00,2024,BUY,2673.995,2661.476428571428,2661.5264285714284,2706.5778571428573,0.02,-25.777142857143406,1120.0432142857035
2024-12-17 20:00:00,2024,SELL,2639.375,2647.582142857143,2647.532142857143,2618.2892857142856,0.03,-25.731428571429078,1094.3117857142745
2025-01-07 17:00:00,2025,BUY,2651.665,2644.5625,2644.6125,2669.805,0.04,-29.889999999999855,970.1100000000001
2025-01-08 19:00:00,2025,BUY,2661.475,2654.3135714285713,2654.3635714285715,2679.7721428571426,0.03,-22.59428571428576,947.5157142857144
2025-01-22 06:00:00,2025,BUY,2724.725,2752.3792857142853,2714.1046428571426,2752.3792857142853,0.02,54.568571428570756,1002.0842857142851
2025-01-24 17:00:00,2025,BUY,2757.715,2784.915,2747.2650000000003,2784.915,0.02,53.659999999999634,1055.7442857142848
2025-01-30 17:00:00,2025,BUY,2776.155,2796.2750000000005,2768.36,2796.2750000000005,0.03,59.25000000000104,1114.994285714286
2025-02-11 02:00:00,2025,BUY,2895.465,2923.2678571428573,2884.7889285714286,2923.2678571428573,0.03,82.29857142857158,1197.2928571428577
2025-02-27 11:00:00,2025,SELL,2881.065,2891.3432142857146,2891.2932142857144,2854.456428571428,0.03,-31.944642857143535,1165.3482142857142
2025-02-28 17:00:00,2025,SELL,2833.585,2847.4964285714286,2847.4464285714284,2797.2878571428573,0.02,-28.562857142857172,1136.785357142857
2025-03-13 16:00:00,2025,BUY,2936.185,2967.2735714285714,2924.276785714286,2967.2735714285714,0.02,61.437142857142824,1198.2224999999999
2025-03-17 14:00:00,2025,BUY,2999.025,2990.3721428571425,2990.4221428571427,3021.299285714286,0.03,-27.068571428572668,1171.1539285714273
2025-03-27 12:00:00,2025,BUY,3033.555,3054.8892857142855,3025.304642857143,3054.8892857142855,0.04,83.85714285714268,1255.01107142857
2025-04-03 02:00:00,2025,BUY,3113.445,3154.5992857142855,3097.762142857143,3154.5992857142855,0.02,81.56857142857076,1336.5796428571407
2025-04-03 03:00:00,2025,BUY,3162.525,3141.342857142857,3141.3928571428573,3218.2107142857144,0.02,-43.10428571428587,1293.4753571428548
2025-04-16 11:00:00,2025,BUY,3270.395,3312.5464285714284,3254.3382142857145,3312.5464285714284,0.02,83.56285714285674,1377.0382142857115
2025-04-22 01:00:00,2025,BUY,3368.765,3433.4792857142857,3344.247142857143,3433.4792857142857,0.01,64.34428571428577,1441.3824999999974
2025-04-29 04:00:00,2025,BUY,3348.975,3325.7046428571425,3325.7546428571427,3410.2292857142857,0.02,-47.28071428571479,1394.1017857142826
2025-05-08 07:00:00,2025,BUY,3408.705,3387.5442857142853,3387.5942857142854,3464.3335714285713,0.02,-43.06142857142935,1351.0403571428533
2025-05-27 09:00:00,2025,BUY,3331.065,3315.102857142857,3315.152857142857,3372.8307142857147,0.02,-32.66428571428627,1318.376071428567
2025-06-04 07:00:00,2025,BUY,3370.895,3355.3946428571426,3355.4446428571428,3411.429285714286,0.02,-31.74071428571482,1286.6353571428522
2025-06-10 09:00:00,2025,SELL,3305.925,3319.5150000000003,3319.465,3270.485,0.02,-27.92000000000029,1258.7153571428519
2025-06-12 10:00:00,2025,BUY,3368.905,3348.9775,3349.0275,3421.245,0.02,-40.595000000000475,1218.1203571428514
2025-06-20 12:00:00,2025,SELL,3344.505,3357.857142857143,3357.807142857143,3309.6992857142864,0.02,-27.444285714286014,1190.6760714285654
2025-06-27 09:00:00,2025,SELL,3344.035,3289.0578571428573,3364.9014285714284,3289.0578571428573,0.01,54.607142857142556,1245.283214285708
2025-07-03 03:00:00,2025,BUY,3358.215,3346.217142857143,3346.267142857143,3389.4092857142855,0.03,-37.10357142857207,1208.179642857136
2025-07-30 21:00:00,2025,SELL,3313.075,3284.6121428571428,3323.9985714285713,3284.6121428571428,0.03,84.27857142857114,1292.4582142857073
2025-08-06 04:00:00,2025,BUY,3389.495,3376.1578571428568,3376.207857142857,3424.260714285714,0.02,-27.41428571428627,1265.043928571421
2025-08-18 03:00:00,2025,SELL,3326.835,3337.5439285714288,3337.4939285714286,3299.0778571428573,0.03,-33.23678571428614,1231.807142857135
2025-08-20 10:00:00,2025,SELL,3317.195,3327.3500000000004,3327.3,3290.9150000000004,0.03,-31.5750000000006,1200.2321428571345
2025-08-27 07:00:00,2025,BUY,3389.705,3378.100357142857,3378.150357142857,3419.8507142857143,0.03,-35.92392857142919,1164.3082142857054
2025-09-03 19:00:00,2025,BUY,3520.445,3567.5192857142856,3502.542142857143,3567.5192857142856,0.02,93.40857142857091,1257.7167857142763
2025-09-08 13:00:00,2025,BUY,3580.385,3618.945,3565.675,3618.945,0.02,76.3799999999999,1334.0967857142762
2025-09-16 09:00:00,2025,BUY,3657.115,3692.3949999999995,3643.6349999999998,3692.3949999999995,0.02,69.8199999999995,1403.9167857142756
2025-09-26 23:00:00,2025,BUY,3778.775,3762.3992857142857,3762.449285714286,3821.6435714285717,0.02,-33.491428571428735,1370.425357142847
2025-10-02 17:00:00,2025,BUY,3881.735,3867.610357142857,3867.6603571428573,3918.6007142857143,0.02,-28.989285714286087,1341.4360714285608
2025-10-07 18:00:00,2025,BUY,3938.645,3988.925,3919.54,3988.925,0.02,99.8200000000004,1441.2560714285612
2025-10-17 01:00:00,2025,BUY,4273.555,4341.206428571429,4247.935714285714,4341.206428571429,0.01,67.28142857142836,1508.5374999999894
2025-11-03 03:00:00,2025,SELL,3970.375,4000.066428571429,4000.0164285714286,3891.9978571428574,0.01,-30.061428571428788,1478.4760714285608
2025-11-13 20:00:00,2025,BUY,4199.335,4174.954642857143,4175.004642857143,4263.549285714285,0.02,-49.50071428571413,1428.9753571428466
2025-11-28 10:00:00,2025,BUY,4180.645,4168.057857142858,4168.107857142858,4213.410714285715,0.03,-38.87142857142804,1390.1039285714187
2025-12-11 05:00:00,2025,BUY,4229.475,4210.118571428572,4210.168571428572,4280.2921428571435,0.02,-39.452857142856594,1350.651071428562
2025-12-16 18:00:00,2025,BUY,4324.375,4302.178214285714,4302.228214285714,4382.766428571428,0.02,-45.133571428572616,1305.5174999999895
2025-12-18 19:00:00,2025,BUY,4360.245,4340.391428571428,4340.441428571428,4412.387857142857,0.02,-40.44714285714348,1265.070357142846
2025-12-22 17:00:00,2025,BUY,4385.985,4434.379285714286,4367.587142857142,4434.379285714286,0.02,96.04857142857306,1361.118928571419
2026-01-12 15:00:00,2026,BUY,4540.035,4611.643571428571,4512.931785714286,4611.643571428571,0.01,71.23857142857094,1071.238571428571
2026-01-13 17:00:00,2026,BUY,4629.835,4606.595714285714,4606.645714285714,4691.006428571429,0.01,-23.60928571428587,1047.6292857142853
2026-01-21 02:00:00,2026,BUY,4672.595,4781.072142857143,4631.666071428572,4781.072142857143,0.01,108.107142857143,1155.7364285714284
2026-01-21 19:00:00,2026,BUY,4844.855,4811.253928571427,4811.303928571428,4933.657857142857,0.01,-33.97107142857214,1121.7653571428564
2026-01-26 21:00:00,2026,BUY,5070.895,5030.419642857143,5030.469642857143,5178.029285714286,0.01,-40.84535714285732,1080.9199999999992
2026-01-28 21:00:00,2026,BUY,5204.835,5327.446428571428,5158.605714285714,5327.446428571428,0.01,122.2414285714284,1203.1614285714277
2026-03-02 01:00:00,2026,BUY,5222.795,5293.795,5195.92,5293.795,0.01,70.63,1273.7914285714278
2026-03-18 14:00:00,2026,SELL,4967.595,4902.952142857143,4992.086071428572,4902.952142857143,0.01,64.27285714285688,1338.0642857142848
2026-04-08 02:00:00,2026,BUY,4700.885,4833.502142857143,4650.903571428572,4833.502142857143,0.01,132.24714285714242,1470.3114285714273
2026-04-16 11:00:00,2026,BUY,4833.015,4808.239285714286,4808.289285714286,4898.283571428571,0.01,-25.145714285714458,1445.165714285713
2026-04-20 01:00:00,2026,BUY,4846.275,4819.607142857142,4819.657142857142,4916.589285714285,0.01,-27.03785714285743,1418.1278571428556
2026-04-28 01:00:00,2026,SELL,4669.745,4689.838571428571,4689.788571428571,4616.962142857143,0.02,-40.927142857143046,1377.2007142857126
2026-04-29 18:00:00,2026,SELL,4521.525,4552.930714285714,4552.880714285714,4438.576428571428,0.01,-31.775714285714567,1345.4249999999981
2026-05-27 15:00:00,2026,SELL,4428.285,4460.756785714286,4460.706785714286,4342.493571428571,0.01,-32.84178571428594,1312.5832142857123
2026-06-10 02:00:00,2026,SELL,4300.425,4224.187857142857,4329.2639285714295,4224.187857142857,0.01,75.86714285714322,1388.4503571428554
2026-06-17 21:00:00,2026,BUY,4378.985,4354.8382142857145,4354.888214285715,4442.576428571428,0.01,-24.516785714285216,1363.9335714285703
2026-06-24 14:00:00,2026,SELL,4118.095,4043.5750000000003,4146.29,4043.5750000000003,0.01,74.14999999999998,1438.0835714285704
2026-07-07 17:00:00,2026,BUY,4172.465,4149.150714285714,4149.200714285714,4233.83642857143,0.02,-47.3685714285732,1390.7149999999972
