n,mean_bps,median_bps,win_rate_pct,std_bps,skew,p01_bps,p05_bps,p10_bps,p25_bps,p50_bps,p75_bps,p90_bps,p95_bps,p99_bps,adverse_es_5_bps,favorable_es_5_bps,factor,factor_value,events_total,exact_horizon_events,gap_contaminated_pct,mean_mfe_bps,mean_mae_bps
129675,0.0596786858376155,0.1536649080570236,51.45479082321187,6.175661883248122,-0.8835784584347347,-18.683919114745006,-8.80176339326435,-5.752277845451874,-2.3411561968654966,0.1536649080570236,2.719963243823065,5.948808619901328,8.644498595052308,16.24370944004665,-15.373813544794567,13.700793131253942,side,LONG,130296,129675,0.5103763737950517,3.793693176366295,4.003464765260431
140744,0.0017152002304496958,0.06656246015162831,50.5101460808276,5.7057984264563535,-0.45316417089373356,-16.34161793653858,-8.349863343129982,-5.635872035839375,-2.409781109954302,0.06656246015162831,2.5385410260808086,5.5988945862947945,8.125556584521943,15.397626168350493,-13.789513819681728,12.954821286268595,side,SHORT,141335,140744,0.4641454699826686,3.6181710051435725,3.726431131876136
122748,0.040451204740386125,0.06708797928453201,50.56131260794473,4.800219775545746,-0.30213958403711794,-13.47843344772623,-7.097232079489516,-4.836711271839638,-2.105094165954591,0.06708797928453201,2.282818898475094,4.902128948927868,7.028773487144534,12.911140499982988,-11.451604343659863,10.930071405555703,energy_state,E0,123471,122748,0.6438758898850705,3.099102960948878,3.1766248522289597
94003,0.06599549861751969,0.1125061878402289,51.07709328425688,6.183850023426398,-0.4367492413926634,-17.937704181513404,-8.956751216679002,-5.969171555119532,-2.5053618557365094,0.1125061878402289,2.7925693253744353,6.143179390383896,8.954037001846986,16.63563323873253,-15.020158618617936,14.05630532756495,energy_state,E1,94375,94003,0.4238410596026476,3.9440801137424337,4.045763339451489
44029,-0.025572730669309197,0.20134228187901151,51.72045697154148,7.129594418434979,-0.7907740284364413,-21.81994202121833,-10.638557144091202,-7.0424604861381965,-2.8454188756110845,0.20134228187901151,3.1760474518647768,6.949340310943853,9.904465871427675,18.308347548801354,-18.058070686533455,15.52104208854501,energy_state,E2,44146,44029,0.28541657228288164,4.43618818445935,4.785512205592475
9639,-0.21401596121479458,0.2576283762196361,51.509492685963274,9.479402672097532,-1.4406095765778824,-29.524517350584855,-14.355703772095909,-9.485378153511515,-3.865832680218145,0.2576283762196361,4.157800363384473,8.61164693623389,12.405747379919786,23.35513369820582,-24.585821751009142,19.754977408528884,energy_state,E3,9639,9639,0.0,5.671691209868401,6.499559985424178
249051,0.028346356200362927,0.09740749940329048,50.84621222159317,5.809722135428245,-0.6909222614282815,-17.029735007945337,-8.376320909594483,-5.583595178401241,-2.349972432301894,0.09740749940329048,2.5770514440949377,5.666559905393535,8.251990772246547,15.51835403153395,-14.18666390495189,13.058574658813809,location_state,L0,250215,249051,0.5063645265072081,3.637494659823931,3.777809395191337
20123,0.055870831949298067,0.2407569398185713,52.25860955125975,7.165797205183026,-0.5377097839376286,-21.972092223943555,-10.553244987923296,-6.909604350046883,-2.7184936633944004,0.2407569398185713,3.20593430788296,6.842426402356975,10.010309066452631,18.358364783661354,-17.997541834677445,15.92783804604499,location_state,L1,20171,20123,0.2677110703485197,4.42162208330592,4.756901237828468
1245,-0.16364609007639205,0.3268792834803133,53.41365461847389,8.431432313186807,-1.4049246539943647,-26.378793843021327,-13.147987400959058,-8.26985841250013,-3.0950078119186477,0.3268792834803133,3.6772817533295146,7.47448480850309,11.434451665294358,20.173458084819334,-23.17177793006992,17.30112253860439,location_state,L2,1245,1245,0.0,5.047491529653537,5.6474463222407145
67544,0.028577800834910284,0.07897334698802606,50.71656993959493,5.725016346950946,-0.33637794230924983,-16.547810523040145,-8.314229789767397,-5.549022218799415,-2.3347995306468188,0.07897334698802606,2.5375717146715933,5.579490190824644,8.06640417377073,15.466888811635137,-13.838126957182066,13.05489251264195,path_efficiency_quartile,Q1,67908,67544,0.578724156211341,3.597334088877376,3.7186587567390252
67600,0.06630504049449445,0.10854794324734021,51.03254437869823,5.808111379526432,-0.20526781627700463,-17.00287386336455,-8.327991703782631,-5.555855137181591,-2.3501676619578546,0.10854794324734021,2.600776167622445,5.689519044239122,8.369218707214255,15.730732936593908,-14.035205152724542,13.261134057430397,path_efficiency_quartile,Q2,67908,67600,0.5065677092536913,3.6614158187338353,3.7841780440974535
67632,0.04539964575327708,0.11057604639780097,51.06014904187367,5.918700841780247,-0.7656536176021348,-17.527988461458172,-8.501561501886782,-5.702972157925502,-2.3751771280608813,0.11057604639780097,2.6518076096990737,5.845818798638579,8.498960998712839,15.737294553476042,-14.482466684023432,13.274461631821133,path_efficiency_quartile,Q3,67907,67632,0.4388354661522431,3.7278961158471824,3.8639282124858534
67643,-0.022215319122147716,0.11133811716099942,51.04297562201558,6.275936551993212,-1.2556958672248444,-19.075557148406606,-9.152268252814403,-5.927319892366181,-2.4440800557782265,0.11133811716099942,2.706136658151857,5.964294606334247,8.614303787254334,16.313034806260287,-15.812047959352512,13.670570666801071,path_efficiency_quartile,Q4,67908,67643,0.42115803734463775,3.822538243387222,4.070095121943839
67592,0.056401037623982644,0.042235186403553636,50.07989111137413,5.5256130851764595,0.09425192926491748,-15.203168336442394,-7.883681082754714,-5.364204224689084,-2.349773589692991,0.042235186403553636,2.482540566002514,5.473356917008213,8.031809473175374,15.327146449483397,-12.919127109753237,12.959154628047234,stretch_abs_quartile,Q1,67908,67592,0.5242386758555706,3.542354741203633,3.5591789336436284
67596,0.015488811426368407,0.08328371036670859,50.834368897567906,5.549479476327753,-0.5219166719470637,-16.375574237279064,-8.228271938273604,-5.504037550518203,-2.316080822816738,0.08328371036670859,2.4933515887693067,5.516395519834702,8.050940949056319,15.087890565056398,-13.647817891549517,12.565955498159447,stretch_abs_quartile,Q2,67908,67596,0.5095128703540119,3.5199901819050785,3.6586474433024763
67628,0.03834193202045465,0.11594135857987313,51.17702726681256,5.719134284037591,-0.6154957336834638,-17.002147485377154,-8.387300737837645,-5.558285379143489,-2.3234991880218354,0.11594135857987313,2.602950737947568,5.671674874405586,8.180552515021141,14.997096763306585,-14.06589807522547,12.749912999293379,stretch_abs_quartile,Q3,67907,67628,0.4358902616814153,3.6243716906528998,3.783423532169613
67603,0.0078104361683780585,0.1884339256429447,51.76101652293538,6.848201052443671,-1.1956561085196455,-21.147997365574746,-9.830323979979976,-6.398639776089898,-2.546444424495497,0.1884339256429447,2.9468617213465467,6.399273284107808,9.337122580709254,17.54278407151917,-17.35394628933936,14.868411003708633,stretch_abs_quartile,Q4,67908,67603,0.47564351770041924,4.122553827827771,4.43571064383017
125707,0.020071977407532887,0.05492785226599859,50.36394154661236,4.322009512454273,-0.523442357496611,-12.129515237352571,-6.3068233017513435,-4.30518536637369,-1.8870328176916937,0.05492785226599859,2.03792272277397,4.3612015036728025,6.234194851964664,11.475713880953668,-10.345685579353091,9.680803348001687,volatility_state,0-49,126886,125707,1.0048389893290044,2.763687555147332,2.836605079767526
72793,0.07598509908590532,0.15690458632091547,51.42802192518512,5.737851217478859,-0.5163782873056824,-16.226819660833893,-8.51715988588669,-5.874621467925818,-2.5655777214554387,0.15690458632091547,2.871686560043218,5.9892792609187175,8.486674503986519,14.984284012749223,-13.759213051916365,12.763087616357,volatility_state,50-79,72821,72793,0.04668982848353709,3.791011807938671,3.9116911968190893
44080,0.016747680654939978,0.21903316069831594,51.558529945553545,7.315936334588142,-0.6333090641934717,-21.439505913422373,-11.21469914279132,-7.506733802119554,-3.2286793492296586,0.21903316069831594,3.5350848470322846,7.457644921926689,10.59780870635688,18.853992752812875,-18.05440971807689,16.10029044613727,volatility_state,80-94,44084,44080,0.018147173577720555,4.797901542108921,5.062260057140442
27839,-0.029181055992370183,0.22725335908850733,51.51047092208771,9.330817764975913,-0.6710883327309619,-27.445499908061333,-13.963791898134717,-9.44362591816252,-3.977488732428258,0.22725335908850733,4.3174050026662005,9.178503427562466,13.10685395840254,23.17105879750993,-23.12711116389369,20.35059842072087,volatility_state,95-100,27840,27839,0.014367816091953589,5.97150009534759,6.432335971066464
67703,0.041442196911847806,0.11554015020209017,51.1099951257699,6.029399945092953,-1.0709287484843368,-17.75841713688061,-8.77934830219816,-5.83382269557011,-2.442719161567135,0.11554015020209017,2.7245162777245993,5.894698940071779,8.611607493689126,16.2875666234767,-14.745015900572591,13.517127292175017,sweep_depth_atr_quartile,Q1,67908,67703,0.3210225599340255,3.7963238141400426,3.911946090251173
67628,0.04752716370488281,0.11048289311252428,51.06612645649731,5.792849006923355,-0.30481509666165735,-16.874324849774126,-8.396143303689195,-5.636215767257397,-2.3714562932744707,0.11048289311252428,2.5905883927486104,5.705696915467114,8.316023400411558,15.49128892255012,-14.012965112255188,13.148463766084111,sweep_depth_atr_quartile,Q2,67908,67628,0.4535548094480757,3.671517827590766,3.7911334908869043
67621,0.04526158897206391,0.11195575508548836,51.075849218438066,5.837591988811254,-0.4622271880717239,-17.310628529322376,-8.411961058514906,-5.6268643225160035,-2.355121621552621,0.11195575508548836,2.6330847093731835,5.73714726698491,8.272414723725296,15.495501985656276,-14.246639567514675,13.136186925168113,sweep_depth_atr_quartile,Q3,67907,67621,0.46092449968339055,3.6497234553569124,3.7953853820182624
67467,-0.01630907355017088,0.07559378921420941,50.5995523737531,6.0785609852116185,-0.8334679414088125,-18.449571715500856,-8.697228923264158,-5.634152811592556,-2.3420129975894404,0.07559378921420941,2.5482920804202362,5.710912372706539,8.376357682790815,16.045387042677415,-15.200434015816755,13.468758634226916,sweep_depth_atr_quartile,Q4,67908,67467,0.7097838251752364,3.6916582269815996,3.9388101302387635
67680,0.10566475349070839,0.17180505427861253,51.92228132387707,5.9295605674657414,-0.7047893155912888,-17.673286381582148,-8.5390016265822,-5.650598265732352,-2.343994880800265,0.17180505427861253,2.7400454299013743,5.897898509566242,8.598926514152579,16.07510678121562,-14.523741510302154,13.42382786323559,reclaim_depth_atr_quartile,Q1,67908,67680,0.36961771808917687,3.7760929202260494,3.82794230593752
67620,0.05317699588684689,0.151745875541172,51.41526175687666,5.900611987012576,-1.0721474387013294,-17.27953440734254,-8.527380752884598,-5.648349157950106,-2.3360241669764434,0.151745875541172,2.6377173813425574,5.754629097168107,8.393808406204913,15.665240175524174,-14.44429873531481,13.20305067611407,reclaim_depth_atr_quartile,Q2,67908,67620,0.4535548094480757,3.6934665025244136,3.799253415137446
67634,0.039688481283444335,0.11827331733759529,51.20353668273354,5.822952052069941,-0.5663870117262787,-17.46705052157495,-8.446611277928474,-5.611680246738671,-2.320131093804317,0.11827331733759529,2.6119974030356827,5.692820800405234,8.214855339513509,15.298348148892753,-14.355599915099058,12.939085725079646,reclaim_depth_atr_quartile,Q3,67907,67634,0.43736286391682366,3.6436751315202764,3.8051965924669875
67485,-0.08077753566002822,0.0,49.30725346373268,6.085958528935138,-0.41554977562710477,-17.970287907747643,-8.710324601709297,-5.808643298345063,-2.5031289111392945,0.0,2.5024455718091234,5.709529732594984,8.367607020308677,16.282966341795134,-14.891790130721049,13.707725628863995,reclaim_depth_atr_quartile,Q4,67908,67485,0.6847499558225834,3.696078007527271,4.00512701264592
67727,0.09280151440690748,0.13630384853903954,51.39309285809205,5.468375091719522,-0.3537070929636404,-16.081683893518605,-7.966888978103307,-5.343696458784277,-2.2535132615075164,0.13630384853903954,2.548211879288637,5.559457563787956,8.05730813865831,15.036753435151912,-13.215272529296996,12.605162113976588,event_range_atr_quartile,Q1,67908,67727,0.2945161100312177,3.5240780033803314,3.5438565478895394
67699,0.05936750845332142,0.11151317806971699,51.04359000871504,5.771687875987036,-0.27878403650464284,-17.05231921409776,-8.472867767180082,-5.739365709627981,-2.392459099395391,0.11151317806971699,2.66266180822163,5.813178429730813,8.467944618096691,15.477473013937274,-13.990627862582258,13.141339876520169,event_range_atr_quartile,Q2,67908,67699,0.34311126818636906,3.6988704946420827,3.809490666570006
67639,-0.006672281692257686,0.10154242950407598,50.89371516432827,6.006477290272742,-1.0003881249316129,-18.27153060027451,-8.671002871531229,-5.760362966122171,-2.4080705977123147,0.10154242950407598,2.6390031950043262,5.789880806085084,8.445845474740556,15.697893446403102,-14.931475521906025,13.219546935622766,event_range_atr_quartile,Q3,67907,67639,0.4211642393273207,3.724598052840027,3.9526464285830425
67354,-0.02780450949324776,0.07417819851526353,50.519642485969655,6.455248662975839,-0.9051853999479581,-19.09767342722528,-9.183125716989641,-5.9042025501458335,-2.4646004255909166,0.07417819851526353,2.6523303648635275,5.903296139048654,8.64487135860371,17.014923051728367,-16.01313139546093,14.299374552499275,event_range_atr_quartile,Q4,67908,67354,0.8864934911939737,3.8628137145166535,4.1328725824567485
67655,0.08710399518916696,0.2207481153627643,52.16022466927795,6.185978611666286,-1.2252450180135808,-18.268183492622317,-8.942320142353218,-5.902392103693181,-2.435827653019864,0.2207481153627643,2.844297643692399,6.08874437162674,8.775635370954722,16.407798542202585,-15.245349402364551,13.694300282731723,close_location_snapback_quartile,Q1,67923,67655,0.42400954021465376,3.9128910240820605,3.9871700629334446
67602,0.06682810217440156,0.15391344167613996,51.462974468211,6.049062580511011,-0.4704065341270935,-17.66948983829842,-8.61274654081634,-5.658361580106037,-2.3472753731028972,0.15391344167613996,2.664812876293324,5.795207664917256,8.469891561653238,16.087222074264602,-14.740846758802432,13.609195372310934,close_location_snapback_quartile,Q2,67894,67602,0.4639585235808763,3.755025519983244,3.8709344428935464
67596,0.008968170028329213,0.08993967687470336,50.770755666015745,5.900753321984612,-0.5190396667290038,-17.76495813751079,-8.61146949480892,-5.7881853336826605,-2.4260904854637277,0.08993967687470336,2.6533990406381145,5.810345523713211,8.416354639683066,15.597009953542356,-14.55072866093195,13.227698245072341,close_location_snapback_quartile,Q3,67906,67596,0.4844932701086768,3.7182971895411137,3.9133496647148434
67566,-0.044944333714068085,0.0,49.45682739839564,5.589780298359602,-0.4243794160102402,-16.2756002307713,-8.036645814719504,-5.412834011092565,-2.3181306809136957,-0.0,2.351496467426633,5.352992367706419,7.839374325914613,15.1394268070045,-13.633761864033273,12.694521119080012,close_location_snapback_quartile,Q4,67908,67566,0.572833834010722,3.422744646274,3.665415512247463
266501,0.02978074522123535,0.10419000088552026,50.943898897189875,5.9066343912142285,-0.6841162719805935,-17.41937731532557,-8.508584465115097,-5.657924085892678,-2.370916754478638,0.10419000088552026,2.613500597370886,5.739736082519543,8.363183854017512,15.754379152114195,-14.463001477119898,13.25281474105018,pdh_pdl_match,False,267709,266501,0.4919520822983192,3.6858305692854767,3.839911328749392
3918,0.01113816871433349,0.28027043681954755,52.27156712608474,7.665199247181242,-0.6764675524715922,-24.44666826709047,-11.548611156021607,-7.685415014902129,-2.9865122282589236,0.28027043681954755,3.43654810889713,7.337339255257843,11.20584146069722,20.215458263038286,-19.803956158834758,17.05882473184159,pdh_pdl_match,True,3922,3918,0.10198878123406363,4.825202135026863,5.176643057291961
251724,0.029028090627927623,0.09870896900815952,50.85569909901321,5.8272837852666965,-0.6799391003299542,-17.107140535164625,-8.407011448846196,-5.600885042656211,-2.354670961206542,0.09870896900815952,2.584062382261905,5.6848876762710265,8.28117190908069,15.589719043071657,-14.235916449704241,13.108382348951116,session_level_match,False,252892,251724,0.5025860841782248,3.6490119488614408,3.7903398768042935
18695,0.036008057876584634,0.24735821427135457,52.40973522332174,7.2406383902446825,-0.6915608707766863,-22.162459418683195,-10.67248655485849,-6.920608208634429,-2.7184936633944004,0.24735821427135457,3.210507401307214,6.841612283970735,9.958931222355575,18.257945700639798,-18.38403148811361,15.884314212798882,session_level_match,True,18739,18695,0.2668232029457318,4.420401487167171,4.78755610494434
270419,0.0295106398856116,0.1054374070843878,50.96313498681675,5.935816550918846,-0.6854903407236761,-17.540365786374554,-8.555631801718759,-5.686622499404119,-2.3768656283390883,0.1054374070843878,2.6245281646535195,5.759440345709326,8.396428561441788,15.82249833210319,-14.555229343578425,13.320995627124065,m15_swing_zone_match,False,271631,270419,0.4863215170580637,3.7023451554812317,3.8592865457684806
